"Accession","Organism_Name","Species","Genotype","Isolate","Length","Nuc_Completeness","Geo_Location","Host","Tissue_Specimen_Source","Submitters","Collection_Date","Release_Date","Molecule_type"
"PQ361209","Influenza A virus","Alphainfluenzavirus influenzae","H3N2","USAFSAM-14981",1701,"partial","Japan: Aomori","Homo sapiens","oronasopharynx","Gruner,W.E., Muehleman,D.M., Fries,A.C., Hanson,J.F., Kramer,D.L., Demarcus,L.S., Wasik,P.M., Robbins,A.S., Macias,E.A., Shaw,K.B., Johnson,C.D., Hartless,T.R., Hardy,J.","2024-08-26","2024-09-23","ssRNA(-)"
"PP765180","Influenza A virus","Alphainfluenzavirus influenzae","H3N2","USAFSAM-14874",1701,"partial","Japan: Okinawa","Homo sapiens","oronasopharynx","Gruner,W.E., Muehleman,D.M., Fries,A.C., Hanson,J.F., Kramer,D.L., Demarcus,L.S., Wasik,P.M., Robbins,A.S., Macias,E.A., Shaw,K.B., Johnson,C.D., Hartless,T.R., Hardy,J.","2024-03-11","2024-05-12","ssRNA(-)"
"PP765181","Influenza A virus","Alphainfluenzavirus influenzae","H3N2","USAFSAM-14875",1701,"partial","Japan: Okinawa","Homo sapiens","oronasopharynx","Gruner,W.E., Muehleman,D.M., Fries,A.C., Hanson,J.F., Kramer,D.L., Demarcus,L.S., Wasik,P.M., Robbins,A.S., Macias,E.A., Shaw,K.B., Johnson,C.D., Hartless,T.R., Hardy,J.","2024-03-11","2024-05-12","ssRNA(-)"
"PP432029","Influenza A virus","Alphainfluenzavirus influenzae","H3N2","USAFSAM-14592",1701,"partial","Japan: Aomori","Homo sapiens","oronasopharynx","Gruner,W.E., Muehleman,D.M., Fries,A.C., Hanson,J.F., Kramer,D.L., Demarcus,L.S., Wasik,P.M., Robbins,A.S., Macias,E.A., Shaw,K.B., Johnson,C.D., Hartless,T.R., Hardy,J.","2024-01-22","2024-03-09","ssRNA(-)"
"PP432030","Influenza A virus","Alphainfluenzavirus influenzae","H3N2","USAFSAM-14593",1701,"partial","Japan: Okinawa","Homo sapiens","oronasopharynx","Gruner,W.E., Muehleman,D.M., Fries,A.C., Hanson,J.F., Kramer,D.L., Demarcus,L.S., Wasik,P.M., Robbins,A.S., Macias,E.A., Shaw,K.B., Johnson,C.D., Hartless,T.R., Hardy,J.","2023-12-27","2024-03-09","ssRNA(-)"
"PP397606","Influenza A virus","Alphainfluenzavirus influenzae","H3N2","USAFSAM-14529",1701,"partial","Japan: Aomori","Homo sapiens","oronasopharynx","Gruner,W.E., Muehleman,D.M., Fries,A.C., Hanson,J.F., Kramer,D.L., Demarcus,L.S., Wasik,P.M., Robbins,A.S., Macias,E.A., Shaw,K.B., Johnson,C.D., Hartless,T.R., Hardy,J.","2024-01-10","2024-03-03","ssRNA(-)"
"PP279062","Influenza A virus","Alphainfluenzavirus influenzae","H3N2","USAFSAM-14422",1701,"partial","Japan: Aomori","Homo sapiens","oronasopharynx","Gruner,W.E., Muehleman,D.M., Fries,A.C., Hanson,J.F., Kramer,D.L., Demarcus,L.S., Wasik,P.M., Robbins,A.S., Macias,E.A., Shaw,K.B., Johnson,C.D., Hartless,T.R., Hardy,J.","2023-12-26","2024-02-11","ssRNA(-)"
"PP254551","Influenza A virus","Alphainfluenzavirus influenzae","H3N2","USAFSAM-14340",1701,"partial","Japan: Aomori","Homo sapiens","oronasopharynx","Gruner,W.E., Muehleman,D.M., Fries,A.C., Hanson,J.F., Kramer,D.L., Demarcus,L.S., Wasik,P.M., Robbins,A.S., Macias,E.A., Shaw,K.B., Johnson,C.D., Hartless,T.R., Hardy,J.","2023-11-21","2024-02-05","ssRNA(-)"
"PP254552","Influenza A virus","Alphainfluenzavirus influenzae","H3N2","USAFSAM-14341",1701,"partial","Japan: Aomori","Homo sapiens","oronasopharynx","Gruner,W.E., Muehleman,D.M., Fries,A.C., Hanson,J.F., Kramer,D.L., Demarcus,L.S., Wasik,P.M., Robbins,A.S., Macias,E.A., Shaw,K.B., Johnson,C.D., Hartless,T.R., Hardy,J.","2023-12-05","2024-02-05","ssRNA(-)"
"PP254553","Influenza A virus","Alphainfluenzavirus influenzae","H3N2","USAFSAM-14342",1701,"partial","Japan: Aomori","Homo sapiens","oronasopharynx","Gruner,W.E., Muehleman,D.M., Fries,A.C., Hanson,J.F., Kramer,D.L., Demarcus,L.S., Wasik,P.M., Robbins,A.S., Macias,E.A., Shaw,K.B., Johnson,C.D., Hartless,T.R., Hardy,J.","2023-11-20","2024-02-05","ssRNA(-)"
"OR865153","Influenza A virus","Alphainfluenzavirus influenzae","H3N2","USAFSAM-14252",1701,"partial","Japan: Aomori","Homo sapiens","oronasopharynx","Gruner,W.E., Muehleman,D.M., Fries,A.C., Hanson,J.F., Kramer,D.L., Demarcus,L.S., Wasik,P.M., Robbins,A.S., Macias,E.A., Shaw,K.B., Johnson,C.D., Hartless,T.R., Hardy,J.","2023-09-06","2023-12-03","ssRNA(-)"
"OR865154","Influenza A virus","Alphainfluenzavirus influenzae","H3N2","USAFSAM-14253",1701,"partial","Japan: Aomori","Homo sapiens","oronasopharynx","Gruner,W.E., Muehleman,D.M., Fries,A.C., Hanson,J.F., Kramer,D.L., Demarcus,L.S., Wasik,P.M., Robbins,A.S., Macias,E.A., Shaw,K.B., Johnson,C.D., Hartless,T.R., Hardy,J.","2023-09-11","2023-12-03","ssRNA(-)"
"OR166900","Influenza A virus","Alphainfluenzavirus influenzae","H3N2","USAFSAM-14191",1701,"partial","Japan: Aomori","Homo sapiens","oronasopharynx","Gruner,W.E., Muehleman,D.M., Garrett,C.M., Fries,A.C., Hanson,J.F., Kramer,D.L., Demarcus,L.S., Sjoberg,P.A., Wasik,P.M., Robbins,A.S., Macias,E.A., Shaw,K.B., Johnson,C.D.","2023-03-29","2023-06-27","ssRNA(-)"
"OQ992799","Influenza A virus","Alphainfluenzavirus influenzae","H3N2","USAFSAM-14166",1701,"partial","Japan: Aomori","Homo sapiens","oronasopharynx","Gruner,W.E., Muehleman,D.M., Garrett,C.M., Fries,A.C., Hanson,J.F., Kramer,D.L., Demarcus,L.S., Sjoberg,P.A., Wasik,P.M., Robbins,A.S., Macias,E.A., Shaw,K.B., Johnson,C.D.","2023-03-13","2023-05-22","ssRNA(-)"
"OQ992800","Influenza A virus","Alphainfluenzavirus influenzae","H3N2","USAFSAM-14167",1701,"partial","Japan: Aomori","Homo sapiens","oronasopharynx","Gruner,W.E., Muehleman,D.M., Garrett,C.M., Fries,A.C., Hanson,J.F., Kramer,D.L., Demarcus,L.S., Sjoberg,P.A., Wasik,P.M., Robbins,A.S., Macias,E.A., Shaw,K.B., Johnson,C.D.","2023-03-15","2023-05-22","ssRNA(-)"
"OQ992801","Influenza A virus","Alphainfluenzavirus influenzae","H3N2","USAFSAM-14169",1701,"partial","Japan: Aomori","Homo sapiens","oronasopharynx","Gruner,W.E., Muehleman,D.M., Garrett,C.M., Fries,A.C., Hanson,J.F., Kramer,D.L., Demarcus,L.S., Sjoberg,P.A., Wasik,P.M., Robbins,A.S., Macias,E.A., Shaw,K.B., Johnson,C.D.","2023-03-18","2023-05-22","ssRNA(-)"
"OQ992802","Influenza A virus","Alphainfluenzavirus influenzae","H3N2","USAFSAM-14174",1701,"partial","Japan: Aomori","Homo sapiens","oronasopharynx","Gruner,W.E., Muehleman,D.M., Garrett,C.M., Fries,A.C., Hanson,J.F., Kramer,D.L., Demarcus,L.S., Sjoberg,P.A., Wasik,P.M., Robbins,A.S., Macias,E.A., Shaw,K.B., Johnson,C.D.","2023-03-27","2023-05-22","ssRNA(-)"
"OQ992846","Influenza A virus","Alphainfluenzavirus influenzae","H3N2","USAFSAM-14163",1701,"partial","Japan: Aomori","Homo sapiens","oronasopharynx","Gruner,W.E., Muehleman,D.M., Garrett,C.M., Fries,A.C., Hanson,J.F., Kramer,D.L., Demarcus,L.S., Sjoberg,P.A., Wasik,P.M., Robbins,A.S., Macias,E.A., Shaw,K.B., Johnson,C.D.","2023-03-07","2023-05-22","ssRNA(-)"
"OQ992854","Influenza A virus","Alphainfluenzavirus influenzae","H3N2","USAFSAM-14164",1701,"partial","Japan: Aomori","Homo sapiens","oronasopharynx","Gruner,W.E., Muehleman,D.M., Garrett,C.M., Fries,A.C., Hanson,J.F., Kramer,D.L., Demarcus,L.S., Sjoberg,P.A., Wasik,P.M., Robbins,A.S., Macias,E.A., Shaw,K.B., Johnson,C.D.","2023-03-07","2023-05-22","ssRNA(-)"
"OQ992862","Influenza A virus","Alphainfluenzavirus influenzae","H3N2","USAFSAM-14165",1701,"partial","Japan: Aomori","Homo sapiens","oronasopharynx","Gruner,W.E., Muehleman,D.M., Garrett,C.M., Fries,A.C., Hanson,J.F., Kramer,D.L., Demarcus,L.S., Sjoberg,P.A., Wasik,P.M., Robbins,A.S., Macias,E.A., Shaw,K.B., Johnson,C.D.","2023-03-09","2023-05-22","ssRNA(-)"
"OQ992870","Influenza A virus","Alphainfluenzavirus influenzae","H3N2","USAFSAM-14168",1701,"partial","Japan: Aomori","Homo sapiens","oronasopharynx","Gruner,W.E., Muehleman,D.M., Garrett,C.M., Fries,A.C., Hanson,J.F., Kramer,D.L., Demarcus,L.S., Sjoberg,P.A., Wasik,P.M., Robbins,A.S., Macias,E.A., Shaw,K.B., Johnson,C.D.","2023-03-17","2023-05-22","ssRNA(-)"
"OQ992878","Influenza A virus","Alphainfluenzavirus influenzae","H3N2","USAFSAM-14170",1701,"partial","Japan: Aomori","Homo sapiens","oronasopharynx","Gruner,W.E., Muehleman,D.M., Garrett,C.M., Fries,A.C., Hanson,J.F., Kramer,D.L., Demarcus,L.S., Sjoberg,P.A., Wasik,P.M., Robbins,A.S., Macias,E.A., Shaw,K.B., Johnson,C.D.","2023-03-21","2023-05-22","ssRNA(-)"
"OQ992886","Influenza A virus","Alphainfluenzavirus influenzae","H3N2","USAFSAM-14171",1701,"partial","Japan: Aomori","Homo sapiens","oronasopharynx","Gruner,W.E., Muehleman,D.M., Garrett,C.M., Fries,A.C., Hanson,J.F., Kramer,D.L., Demarcus,L.S., Sjoberg,P.A., Wasik,P.M., Robbins,A.S., Macias,E.A., Shaw,K.B., Johnson,C.D.","2023-03-22","2023-05-22","ssRNA(-)"
"OQ992894","Influenza A virus","Alphainfluenzavirus influenzae","H3N2","USAFSAM-14172",1701,"partial","Japan: Aomori","Homo sapiens","oronasopharynx","Gruner,W.E., Muehleman,D.M., Garrett,C.M., Fries,A.C., Hanson,J.F., Kramer,D.L., Demarcus,L.S., Sjoberg,P.A., Wasik,P.M., Robbins,A.S., Macias,E.A., Shaw,K.B., Johnson,C.D.","2023-03-24","2023-05-22","ssRNA(-)"
"OQ992902","Influenza A virus","Alphainfluenzavirus influenzae","H3N2","USAFSAM-14173",1701,"partial","Japan: Aomori","Homo sapiens","oronasopharynx","Gruner,W.E., Muehleman,D.M., Garrett,C.M., Fries,A.C., Hanson,J.F., Kramer,D.L., Demarcus,L.S., Sjoberg,P.A., Wasik,P.M., Robbins,A.S., Macias,E.A., Shaw,K.B., Johnson,C.D.","2023-03-24","2023-05-22","ssRNA(-)"
"OQ821782","Influenza A virus","Alphainfluenzavirus influenzae","H3N2","USAFSAM-14145",1701,"partial","Japan: Okinawa","Homo sapiens","oronasopharynx","Gruner,W.E., Muehleman,D.M., Garrett,C.M., Fries,A.C., Hanson,J.F., Kramer,D.L., Demarcus,L.S., Sjoberg,P.A., Wasik,P.M., Robbins,A.S., Macias,E.A., Shaw,K.B., Chelsea,J.D.","2023-02-17","2023-04-19","ssRNA(-)"
"OQ821783","Influenza A virus","Alphainfluenzavirus influenzae","H3N2","USAFSAM-14146",1701,"partial","Japan: Okinawa","Homo sapiens","oronasopharynx","Gruner,W.E., Muehleman,D.M., Garrett,C.M., Fries,A.C., Hanson,J.F., Kramer,D.L., Demarcus,L.S., Sjoberg,P.A., Wasik,P.M., Robbins,A.S., Macias,E.A., Shaw,K.B., Chelsea,J.D.","2023-02-27","2023-04-19","ssRNA(-)"
"OQ821865","Influenza A virus","Alphainfluenzavirus influenzae","H3N2","USAFSAM-14147",1701,"partial","Japan: Aomori","Homo sapiens","oronasopharynx","Gruner,W.E., Muehleman,D.M., Garrett,C.M., Fries,A.C., Hanson,J.F., Kramer,D.L., Demarcus,L.S., Sjoberg,P.A., Wasik,P.M., Robbins,A.S., Macias,E.A., Shaw,K.B., Chelsea,J.D.","2023-02-23","2023-04-19","ssRNA(-)"
"OQ821873","Influenza A virus","Alphainfluenzavirus influenzae","H3N2","USAFSAM-14148",1701,"partial","Japan: Aomori","Homo sapiens","oronasopharynx","Gruner,W.E., Muehleman,D.M., Garrett,C.M., Fries,A.C., Hanson,J.F., Kramer,D.L., Demarcus,L.S., Sjoberg,P.A., Wasik,P.M., Robbins,A.S., Macias,E.A., Shaw,K.B., Chelsea,J.D.","2023-03-04","2023-04-19","ssRNA(-)"
"OQ821881","Influenza A virus","Alphainfluenzavirus influenzae","H3N2","USAFSAM-14149",1701,"partial","Japan: Aomori","Homo sapiens","oronasopharynx","Gruner,W.E., Muehleman,D.M., Garrett,C.M., Fries,A.C., Hanson,J.F., Kramer,D.L., Demarcus,L.S., Sjoberg,P.A., Wasik,P.M., Robbins,A.S., Macias,E.A., Shaw,K.B., Chelsea,J.D.","2023-02-28","2023-04-19","ssRNA(-)"
"OQ821889","Influenza A virus","Alphainfluenzavirus influenzae","H3N2","USAFSAM-14150",1701,"partial","Japan: Aomori","Homo sapiens","oronasopharynx","Gruner,W.E., Muehleman,D.M., Garrett,C.M., Fries,A.C., Hanson,J.F., Kramer,D.L., Demarcus,L.S., Sjoberg,P.A., Wasik,P.M., Robbins,A.S., Macias,E.A., Shaw,K.B., Chelsea,J.D.","2023-03-01","2023-04-19","ssRNA(-)"
"OQ821897","Influenza A virus","Alphainfluenzavirus influenzae","H3N2","USAFSAM-14151",1701,"partial","Japan: Aomori","Homo sapiens","oronasopharynx","Gruner,W.E., Muehleman,D.M., Garrett,C.M., Fries,A.C., Hanson,J.F., Kramer,D.L., Demarcus,L.S., Sjoberg,P.A., Wasik,P.M., Robbins,A.S., Macias,E.A., Shaw,K.B., Chelsea,J.D.","2023-03-01","2023-04-19","ssRNA(-)"
"OQ821905","Influenza A virus","Alphainfluenzavirus influenzae","H3N2","USAFSAM-14152",1701,"partial","Japan: Aomori","Homo sapiens","oronasopharynx","Gruner,W.E., Muehleman,D.M., Garrett,C.M., Fries,A.C., Hanson,J.F., Kramer,D.L., Demarcus,L.S., Sjoberg,P.A., Wasik,P.M., Robbins,A.S., Macias,E.A., Shaw,K.B., Chelsea,J.D.","2023-03-04","2023-04-19","ssRNA(-)"
"OQ615388","Influenza A virus","Alphainfluenzavirus influenzae","H3N2","USAFSAM-14107",1701,"partial","Japan: Aomori","Homo sapiens","oronasopharynx","Gruner,W.E., Muehleman,D.M., Garrett,C.M., Fries,A.C., Hanson,J.F., Kramer,D.L., Demarcus,L.S., Sjoberg,P.A., Wasik,P.M., Robbins,A.S., Macias,E.A., Shaw,K.B., Selent,M.U.","2023-02-01","2023-03-18","ssRNA(-)"
"OQ615464","Influenza A virus","Alphainfluenzavirus influenzae","H3N2","USAFSAM-14105",1701,"partial","Japan: Aomori","Homo sapiens","oronasopharynx","Gruner,W.E., Muehleman,D.M., Garrett,C.M., Fries,A.C., Hanson,J.F., Kramer,D.L., Demarcus,L.S., Sjoberg,P.A., Wasik,P.M., Robbins,A.S., Macias,E.A., Shaw,K.B., Selent,M.U.","2023-01-26","2023-03-18","ssRNA(-)"
"OQ615472","Influenza A virus","Alphainfluenzavirus influenzae","H3N2","USAFSAM-14106",1701,"partial","Japan: Aomori","Homo sapiens","oronasopharynx","Gruner,W.E., Muehleman,D.M., Garrett,C.M., Fries,A.C., Hanson,J.F., Kramer,D.L., Demarcus,L.S., Sjoberg,P.A., Wasik,P.M., Robbins,A.S., Macias,E.A., Shaw,K.B., Selent,M.U.","2023-01-30","2023-03-18","ssRNA(-)"
"OQ615480","Influenza A virus","Alphainfluenzavirus influenzae","H3N2","USAFSAM-14109",1701,"partial","Japan: Aomori","Homo sapiens","oronasopharynx","Gruner,W.E., Muehleman,D.M., Garrett,C.M., Fries,A.C., Hanson,J.F., Kramer,D.L., Demarcus,L.S., Sjoberg,P.A., Wasik,P.M., Robbins,A.S., Macias,E.A., Shaw,K.B., Selent,M.U.","2023-02-07","2023-03-18","ssRNA(-)"
"OQ615488","Influenza A virus","Alphainfluenzavirus influenzae","H3N2","USAFSAM-14110",1701,"partial","Japan: Aomori","Homo sapiens","oronasopharynx","Gruner,W.E., Muehleman,D.M., Garrett,C.M., Fries,A.C., Hanson,J.F., Kramer,D.L., Demarcus,L.S., Sjoberg,P.A., Wasik,P.M., Robbins,A.S., Macias,E.A., Shaw,K.B., Selent,M.U.","2023-02-07","2023-03-18","ssRNA(-)"
"OQ615496","Influenza A virus","Alphainfluenzavirus influenzae","H3N2","USAFSAM-14111",1701,"partial","Japan: Aomori","Homo sapiens","oronasopharynx","Gruner,W.E., Muehleman,D.M., Garrett,C.M., Fries,A.C., Hanson,J.F., Kramer,D.L., Demarcus,L.S., Sjoberg,P.A., Wasik,P.M., Robbins,A.S., Macias,E.A., Shaw,K.B., Selent,M.U.","2023-02-12","2023-03-18","ssRNA(-)"
"OQ615552","Influenza A virus","Alphainfluenzavirus influenzae","H3N2","USAFSAM-14108",1701,"partial","Japan: Okinawa","Homo sapiens","oronasopharynx","Gruner,W.E., Muehleman,D.M., Garrett,C.M., Fries,A.C., Hanson,J.F., Kramer,D.L., Demarcus,L.S., Sjoberg,P.A., Wasik,P.M., Robbins,A.S., Macias,E.A., Shaw,K.B., Selent,M.U.","2023-02-02","2023-03-18","ssRNA(-)"
"OQ506692","Influenza A virus","Alphainfluenzavirus influenzae","H3N2","USAFSAM-14073",1701,"partial","Japan: Okinawa","Homo sapiens","oronasopharynx","Gruner,W.E., Muehleman,D.M., Garrett,C.M., Fries,A.C., Hanson,J.F., Kramer,D.L., Demarcus,L.S., Sjoberg,P.A., Wasik,P.M., Robbins,A.S., Macias,E.A., Shaw,K.B., Selent,M.U.","2023-01-10","2023-02-28","ssRNA(-)"
"OQ506693","Influenza A virus","Alphainfluenzavirus influenzae","H3N2","USAFSAM-14074",1701,"partial","Japan: Aomori","Homo sapiens","oronasopharynx","Gruner,W.E., Muehleman,D.M., Garrett,C.M., Fries,A.C., Hanson,J.F., Kramer,D.L., Demarcus,L.S., Sjoberg,P.A., Wasik,P.M., Robbins,A.S., Macias,E.A., Shaw,K.B., Selent,M.U.","2023-01-22","2023-02-28","ssRNA(-)"
"OQ506694","Influenza A virus","Alphainfluenzavirus influenzae","H3N2","USAFSAM-14075",1701,"partial","Japan: Aomori","Homo sapiens","oronasopharynx","Gruner,W.E., Muehleman,D.M., Garrett,C.M., Fries,A.C., Hanson,J.F., Kramer,D.L., Demarcus,L.S., Sjoberg,P.A., Wasik,P.M., Robbins,A.S., Macias,E.A., Shaw,K.B., Selent,M.U.","2023-01-20","2023-02-28","ssRNA(-)"
"OQ507092","Influenza A virus","Alphainfluenzavirus influenzae","H3N2","USAFSAM-14072",1701,"partial","Japan: Tokyo","Homo sapiens","oronasopharynx","Gruner,W.E., Muehleman,D.M., Garrett,C.M., Fries,A.C., Hanson,J.F., Kramer,D.L., Demarcus,L.S., Sjoberg,P.A., Wasik,P.M., Robbins,A.S., Macias,E.A., Shaw,K.B., Selent,M.U.","2023-01-04","2023-02-28","ssRNA(-)"
"OP912677","Influenza A virus","Alphainfluenzavirus influenzae","H3N2","13424",1701,"partial","Japan: Tokyo","Homo sapiens","oronasopharynx","Gruner,W.E., Muehleman,D.M., Garrett,C.M., Fries,A.C., Hanson,J.F., Kramer,D.L., Demarcus,L.S., Sjoberg,P.A., Wasik,P.M., Robbins,A.S., Macias,E.A., Shaw,K.B., Selent,M.U.","2022-08-07","2022-12-04","ssRNA(-)"
"MT639662","Influenza A virus","Alphainfluenzavirus influenzae","H3N2","",1701,"partial","Japan","Homo sapiens","oronasopharynx","Gruner,W.E., Fries,A.C., Garrett,C.M., Powell,M.L., Minnich,D.E., Couch,M.R., Hanson,J.F., DeMarcus,L.S., Crum,M.E., Bogue,A.L., Federinko,S.P., Macias,E.A., West,C.A., Dane,D.J.","2019-04-26","2020-06-23","ssRNA(-)"
"MN873980","Influenza A virus","Alphainfluenzavirus influenzae","H3N2","NHRC_OID_FDX70622",1701,"partial","Japan: Yokosuka","Homo sapiens","oronasopharynx","Zeighami,R., Pan,R., Balansay-Ames,M.S., Vo,S., Myers,C.A., Christy,N.C.","2019-02-14","2019-12-31","ssRNA(-)"
"MN873990","Influenza A virus","Alphainfluenzavirus influenzae","H3N2","NHRC_OID_FDX70722",1701,"partial","Japan: Yokosuka","Homo sapiens","oronasopharynx","Zeighami,R., Pan,R., Balansay-Ames,M.S., Vo,S., Myers,C.A., Christy,N.C.","2019-04-17","2019-12-31","ssRNA(-)"
"MN169648","Influenza A virus","Alphainfluenzavirus influenzae","H3N2","",1701,"partial","Japan","Homo sapiens","oronasopharynx","Gruner,W.E., Fries,A.C., Garrett,C.M., Powell,M.L., Minnich,D.E., Couch,M.R., Hanson,J.F., DeMarcus,L.S., Crum,M.E., Bogue,A.L., Federinko,S.P., Macias,E.A., West,C.A., Dane,D.J.","2019-03-12","2019-07-16","ssRNA(-)"
"MN074410","Influenza A virus","Alphainfluenzavirus influenzae","H3N2","",1701,"partial","Japan","Homo sapiens","oronasopharynx","Gruner,W.E., Fries,A.C., Garrett,C.M., Powell,M.L., Minnich,D.E., Couch,M.R., Hanson,J.F., DeMarcus,L.S., Crum,M.E., Bogue,A.L., Federinko,S.P., Macias,E.A., West,C.A., Dane,D.J.","2019-03-27","2019-06-22","ssRNA(-)"
"MK927223","Influenza A virus","Alphainfluenzavirus influenzae","H3N2","",1701,"partial","Japan","Homo sapiens","oronasopharynx","Gruner,W.E., Fries,A.C., Garrett,C.M., Powell,M.L., Minnich,D.E., Couch,M.R., Hanson,J.F., DeMarcus,L.S., Crum,M.E., Bogue,A.L., Federinko,S.P., Macias,E.A., West,C.A., Dane,D.J.","2019-02-05","2019-05-19","ssRNA(-)"
"MK912758","Influenza A virus","Alphainfluenzavirus influenzae","H3N2","",1701,"partial","Japan","Homo sapiens","oronasopharynx","Gruner,W.E., Fries,A.C., Garrett,C.M., Powell,M.L., Minnich,D.E., Couch,M.R., Hanson,J.F., DeMarcus,L.S., Crum,M.E., Bogue,A.L., Federinko,S.P., Macias,E.A., West,C.A., Dane,D.J.","2019-02-21","2019-05-18","ssRNA(-)"
"MK912766","Influenza A virus","Alphainfluenzavirus influenzae","H3N2","",1701,"partial","Japan","Homo sapiens","oronasopharynx","Gruner,W.E., Fries,A.C., Garrett,C.M., Powell,M.L., Minnich,D.E., Couch,M.R., Hanson,J.F., DeMarcus,L.S., Crum,M.E., Bogue,A.L., Federinko,S.P., Macias,E.A., West,C.A., Dane,D.J.","2019-02-28","2019-05-18","ssRNA(-)"
"MK905306","Influenza A virus","Alphainfluenzavirus influenzae","H3N2","NHRC-OID_FDX70557",1701,"partial","Japan","Homo sapiens","oronasopharynx","Falgout,C.R., Koster,B.L., Balansay-Ames,M.S., Graf,P.C., Myers,C.A.","2019-01-04","2019-05-14","ssRNA(-)"
"MK898525","Influenza A virus","Alphainfluenzavirus influenzae","H3N2","NHRC_FDX70352",1701,"partial","Japan","Homo sapiens","oronasopharynx","Falgout,C.R., Koster,B.L., Balansay-Ames,M.S., Graf,P.C., Myers,C.A.","2018-02-09","2019-05-13","ssRNA(-)"
"MK898639","Influenza A virus","Alphainfluenzavirus influenzae","H3N2","NHRC-OID_FDX70581",1701,"partial","Japan","Homo sapiens","oronasopharynx","Falgout,C.R., Koster,B.L., Balansay-Ames,M.S., Graf,P.C., Myers,C.A.","2019-01-29","2019-05-13","ssRNA(-)"
"MK898645","Influenza A virus","Alphainfluenzavirus influenzae","H3N2","NHRC-OID_FDX70584",1701,"partial","Japan","Homo sapiens","oronasopharynx","Falgout,C.R., Koster,B.L., Balansay-Ames,M.S., Graf,P.C., Myers,C.A.","2019-01-29","2019-05-13","ssRNA(-)"
"MK898652","Influenza A virus","Alphainfluenzavirus influenzae","H3N2","NHRC-OID_FDX70592",1701,"partial","Japan","Homo sapiens","oronasopharynx","Falgout,C.R., Koster,B.L., Balansay-Ames,M.S., Graf,P.C., Myers,C.A.","2019-01-31","2019-05-13","ssRNA(-)"
"MK898657","Influenza A virus","Alphainfluenzavirus influenzae","H3N2","NHRC-OID_FDX70593",1701,"partial","Japan","Homo sapiens","oronasopharynx","Falgout,C.R., Koster,B.L., Balansay-Ames,M.S., Graf,P.C., Myers,C.A.","2019-01-31","2019-05-13","ssRNA(-)"
"MK869203","Influenza A virus","Alphainfluenzavirus influenzae","H3N2","",1701,"partial","Japan","Homo sapiens","oronasopharynx","Gruner,W.E., Fries,A.C., Garrett,C.M., Powell,M.L., Minnich,D.E., Couch,M.R., Hanson,J.F., DeMarcus,L.S., Crum,M.E., Bogue,A.L., Federinko,S.P., Macias,E.A., West,C.A., Dane,D.J.","2019-02-01","2019-05-07","ssRNA(-)"
"MK869211","Influenza A virus","Alphainfluenzavirus influenzae","H3N2","",1701,"partial","Japan","Homo sapiens","oronasopharynx","Gruner,W.E., Fries,A.C., Garrett,C.M., Powell,M.L., Minnich,D.E., Couch,M.R., Hanson,J.F., DeMarcus,L.S., Crum,M.E., Bogue,A.L., Federinko,S.P., Macias,E.A., West,C.A., Dane,D.J.","2019-01-28","2019-05-07","ssRNA(-)"
"MK785807","Influenza A virus","Alphainfluenzavirus influenzae","H3N2","",1701,"partial","Japan","Homo sapiens","oronasopharynx","Gruner,W.E., Fries,A.C., Garrett,C.M., Powell,M.L., Minnich,D.E., Couch,M.R., Hanson,J.F., DeMarcus,L.S., Crum,M.E., Bogue,A.L., Federinko,S.P., Macias,E.A., West,C.A., Dane,D.J.","2019-01-15","2019-04-17","ssRNA(-)"
"MK785815","Influenza A virus","Alphainfluenzavirus influenzae","H3N2","",1701,"partial","Japan","Homo sapiens","oronasopharynx","Gruner,W.E., Fries,A.C., Garrett,C.M., Powell,M.L., Minnich,D.E., Couch,M.R., Hanson,J.F., DeMarcus,L.S., Crum,M.E., Bogue,A.L., Federinko,S.P., Macias,E.A., West,C.A., Dane,D.J.","2019-01-18","2019-04-17","ssRNA(-)"
"MK785823","Influenza A virus","Alphainfluenzavirus influenzae","H3N2","",1701,"partial","Japan","Homo sapiens","oronasopharynx","Gruner,W.E., Fries,A.C., Garrett,C.M., Powell,M.L., Minnich,D.E., Couch,M.R., Hanson,J.F., DeMarcus,L.S., Crum,M.E., Bogue,A.L., Federinko,S.P., Macias,E.A., West,C.A., Dane,D.J.","2019-01-19","2019-04-17","ssRNA(-)"
"MK785831","Influenza A virus","Alphainfluenzavirus influenzae","H3N2","",1701,"partial","Japan","Homo sapiens","oronasopharynx","Gruner,W.E., Fries,A.C., Garrett,C.M., Powell,M.L., Minnich,D.E., Couch,M.R., Hanson,J.F., DeMarcus,L.S., Crum,M.E., Bogue,A.L., Federinko,S.P., Macias,E.A., West,C.A., Dane,D.J.","2019-01-19","2019-04-17","ssRNA(-)"
"MK785839","Influenza A virus","Alphainfluenzavirus influenzae","H3N2","",1701,"partial","Japan","Homo sapiens","oronasopharynx","Gruner,W.E., Fries,A.C., Garrett,C.M., Powell,M.L., Minnich,D.E., Couch,M.R., Hanson,J.F., DeMarcus,L.S., Crum,M.E., Bogue,A.L., Federinko,S.P., Macias,E.A., West,C.A., Dane,D.J.","2019-01-23","2019-04-17","ssRNA(-)"
"MK785847","Influenza A virus","Alphainfluenzavirus influenzae","H3N2","",1701,"partial","Japan","Homo sapiens","oronasopharynx","Gruner,W.E., Fries,A.C., Garrett,C.M., Powell,M.L., Minnich,D.E., Couch,M.R., Hanson,J.F., DeMarcus,L.S., Crum,M.E., Bogue,A.L., Federinko,S.P., Macias,E.A., West,C.A., Dane,D.J.","2019-01-24","2019-04-17","ssRNA(-)"
"MK762978","Influenza A virus","Alphainfluenzavirus influenzae","H3N2","",1701,"partial","Japan","Homo sapiens","oronasopharynx","Gruner,W.E., Fries,A.C., Garrett,C.M., Powell,M.L., Minnich,D.E., Couch,M.R., Hanson,J.F., DeMarcus,L.S., Crum,M.E., Bogue,A.L., Federinko,S.P., Macias,E.A., West,C.A., Dane,D.J.","2019-01-23","2019-04-13","ssRNA(-)"
"MK742954","Influenza A virus","Alphainfluenzavirus influenzae","H3N2","",1701,"partial","Japan","Homo sapiens","oronasopharynx","Gruner,W.E., Fries,A.C., Garrett,C.M., Powell,M.L., Minnich,D.E., Couch,M.R., Hanson,J.F., DeMarcus,L.S., Crum,M.E., Bogue,A.L., Federinko,S.P., Macias,E.A., West,C.A., Dane,D.J.","2019-01-17","2019-04-09","ssRNA(-)"
"MK743434","Influenza A virus","Alphainfluenzavirus influenzae","H3N2","",1701,"partial","Japan","Homo sapiens","oronasopharynx","Gruner,W.E., Fries,A.C., Garrett,C.M., Powell,M.L., Minnich,D.E., Couch,M.R., Hanson,J.F., DeMarcus,L.S., Crum,M.E., Bogue,A.L., Federinko,S.P., Macias,E.A., West,C.A., Dane,D.J.","2019-01-10","2019-04-09","ssRNA(-)"
"MK743442","Influenza A virus","Alphainfluenzavirus influenzae","H3N2","",1701,"partial","Japan","Homo sapiens","oronasopharynx","Gruner,W.E., Fries,A.C., Garrett,C.M., Powell,M.L., Minnich,D.E., Couch,M.R., Hanson,J.F., DeMarcus,L.S., Crum,M.E., Bogue,A.L., Federinko,S.P., Macias,E.A., West,C.A., Dane,D.J.","2019-01-11","2019-04-09","ssRNA(-)"
"MK743450","Influenza A virus","Alphainfluenzavirus influenzae","H3N2","",1701,"partial","Japan","Homo sapiens","oronasopharynx","Gruner,W.E., Fries,A.C., Garrett,C.M., Powell,M.L., Minnich,D.E., Couch,M.R., Hanson,J.F., DeMarcus,L.S., Crum,M.E., Bogue,A.L., Federinko,S.P., Macias,E.A., West,C.A., Dane,D.J.","2019-01-13","2019-04-09","ssRNA(-)"
"MK633601","Influenza A virus","Alphainfluenzavirus influenzae","H3N2","NHRC-OID_FDX70487",1701,"partial","Japan","Homo sapiens","oronasopharynx","Falgout,C.R., Koster,B.L., Balansay-Ames,M.S., Myers,C.A., Graf,P.C.","2018-11-06","2019-03-19","ssRNA(-)"
"MK633609","Influenza A virus","Alphainfluenzavirus influenzae","H3N2","NHRC-OID_FDX70521",1701,"partial","Japan","Homo sapiens","oronasopharynx","Falgout,C.R., Koster,B.L., Balansay-Ames,M.S., Myers,C.A., Graf,P.C.","2018-12-07","2019-03-19","ssRNA(-)"
"MK633617","Influenza A virus","Alphainfluenzavirus influenzae","H3N2","NHRC-OID_FDX70561",1701,"partial","Japan","Homo sapiens","oronasopharynx","Falgout,C.R., Koster,B.L., Balansay-Ames,M.S., Myers,C.A., Graf,P.C.","2019-01-07","2019-03-19","ssRNA(-)"
"MK633625","Influenza A virus","Alphainfluenzavirus influenzae","H3N2","NHRC-OID_FDX70563",1701,"partial","Japan","Homo sapiens","oronasopharynx","Falgout,C.R., Koster,B.L., Balansay-Ames,M.S., Myers,C.A., Graf,P.C.","2019-01-08","2019-03-19","ssRNA(-)"
"MK633633","Influenza A virus","Alphainfluenzavirus influenzae","H3N2","NHRC-OID_FDX70564",1701,"partial","Japan","Homo sapiens","oronasopharynx","Falgout,C.R., Koster,B.L., Balansay-Ames,M.S., Myers,C.A., Graf,P.C.","2019-01-08","2019-03-19","ssRNA(-)"
"MK633641","Influenza A virus","Alphainfluenzavirus influenzae","H3N2","NHRC-OID_FDX70566",1701,"partial","Japan","Homo sapiens","oronasopharynx","Falgout,C.R., Koster,B.L., Balansay-Ames,M.S., Myers,C.A., Graf,P.C.","2019-01-08","2019-03-19","ssRNA(-)"
"MK633649","Influenza A virus","Alphainfluenzavirus influenzae","H3N2","NHRC-OID_FDX70571",1701,"partial","Japan","Homo sapiens","oronasopharynx","Falgout,C.R., Koster,B.L., Balansay-Ames,M.S., Myers,C.A., Graf,P.C.","2019-01-28","2019-03-19","ssRNA(-)"
"MK633657","Influenza A virus","Alphainfluenzavirus influenzae","H3N2","NHRC-OID_FDX70572",1701,"partial","Japan","Homo sapiens","oronasopharynx","Falgout,C.R., Koster,B.L., Balansay-Ames,M.S., Myers,C.A., Graf,P.C.","2019-01-28","2019-03-19","ssRNA(-)"
"MK633665","Influenza A virus","Alphainfluenzavirus influenzae","H3N2","NHRC-OID_FDX70574",1701,"partial","Japan","Homo sapiens","oronasopharynx","Falgout,C.R., Koster,B.L., Balansay-Ames,M.S., Myers,C.A., Graf,P.C.","2019-01-28","2019-03-19","ssRNA(-)"
"MK633673","Influenza A virus","Alphainfluenzavirus influenzae","H3N2","NHRC-OID_FDX70576",1701,"partial","Japan","Homo sapiens","oronasopharynx","Falgout,C.R., Koster,B.L., Balansay-Ames,M.S., Myers,C.A., Graf,P.C.","2019-01-28","2019-03-19","ssRNA(-)"
"MK633681","Influenza A virus","Alphainfluenzavirus influenzae","H3N2","NHRC-OID_FDX70577",1701,"partial","Japan","Homo sapiens","oronasopharynx","Falgout,C.R., Koster,B.L., Balansay-Ames,M.S., Myers,C.A., Graf,P.C.","2019-01-28","2019-03-19","ssRNA(-)"
"MK633689","Influenza A virus","Alphainfluenzavirus influenzae","H3N2","NHRC-OID_FDX70579",1701,"partial","Japan","Homo sapiens","oronasopharynx","Falgout,C.R., Koster,B.L., Balansay-Ames,M.S., Myers,C.A., Graf,P.C.","2019-01-29","2019-03-19","ssRNA(-)"
"MK633697","Influenza A virus","Alphainfluenzavirus influenzae","H3N2","NHRC-OID_FDX70583",1701,"partial","Japan","Homo sapiens","oronasopharynx","Falgout,C.R., Koster,B.L., Balansay-Ames,M.S., Myers,C.A., Graf,P.C.","2019-01-29","2019-03-19","ssRNA(-)"
"MK633705","Influenza A virus","Alphainfluenzavirus influenzae","H3N2","NHRC-OID_FDX70586",1701,"partial","Japan","Homo sapiens","oronasopharynx","Falgout,C.R., Koster,B.L., Balansay-Ames,M.S., Myers,C.A., Graf,P.C.","2019-01-30","2019-03-19","ssRNA(-)"
"MK633713","Influenza A virus","Alphainfluenzavirus influenzae","H3N2","NHRC-OID_FDX70587",1701,"partial","Japan","Homo sapiens","oronasopharynx","Falgout,C.R., Koster,B.L., Balansay-Ames,M.S., Myers,C.A., Graf,P.C.","2019-01-30","2019-03-19","ssRNA(-)"
"MK633721","Influenza A virus","Alphainfluenzavirus influenzae","H3N2","NHRC-OID_FDX70589",1701,"partial","Japan","Homo sapiens","oronasopharynx","Falgout,C.R., Koster,B.L., Balansay-Ames,M.S., Myers,C.A., Graf,P.C.","2019-01-30","2019-03-19","ssRNA(-)"
"MK633729","Influenza A virus","Alphainfluenzavirus influenzae","H3N2","NHRC-OID_FDX70590",1701,"partial","Japan","Homo sapiens","oronasopharynx","Falgout,C.R., Koster,B.L., Balansay-Ames,M.S., Myers,C.A., Graf,P.C.","2019-01-31","2019-03-19","ssRNA(-)"
"MK633737","Influenza A virus","Alphainfluenzavirus influenzae","H3N2","NHRC-OID_FDX70591",1701,"partial","Japan","Homo sapiens","oronasopharynx","Falgout,C.R., Koster,B.L., Balansay-Ames,M.S., Myers,C.A., Graf,P.C.","2019-01-31","2019-03-19","ssRNA(-)"
"MK576890","Influenza A virus","Alphainfluenzavirus influenzae","H3N2","",1701,"partial","Japan","Homo sapiens","oronasopharynx","Gruner,W.E., Fries,A.C., Garrett,C.M., Powell,M.L., Minnich,D.E., Couch,M.R., Hanson,J.F., DeMarcus,L.S., Crum,M.E., Bogue,A.L., Federinko,S.P., Macias,E.A., West,C.A., Dane,D.J.","2019-01-03","2019-03-05","ssRNA(-)"
"MK576898","Influenza A virus","Alphainfluenzavirus influenzae","H3N2","",1701,"partial","Japan","Homo sapiens","oronasopharynx","Gruner,W.E., Fries,A.C., Garrett,C.M., Powell,M.L., Minnich,D.E., Couch,M.R., Hanson,J.F., DeMarcus,L.S., Crum,M.E., Bogue,A.L., Federinko,S.P., Macias,E.A., West,C.A., Dane,D.J.","2019-01-05","2019-03-05","ssRNA(-)"
"MK576906","Influenza A virus","Alphainfluenzavirus influenzae","H3N2","",1701,"partial","Japan","Homo sapiens","oronasopharynx","Gruner,W.E., Fries,A.C., Garrett,C.M., Powell,M.L., Minnich,D.E., Couch,M.R., Hanson,J.F., DeMarcus,L.S., Crum,M.E., Bogue,A.L., Federinko,S.P., Macias,E.A., West,C.A., Dane,D.J.","2019-01-07","2019-03-05","ssRNA(-)"
"MK502696","Influenza A virus","Alphainfluenzavirus influenzae","H3N2","",1701,"partial","Japan","Homo sapiens","oronasopharynx","Gruner,W.E., Fries,A.C., Garrett,C.M., Powell,M.L., Minnich,D.E., Couch,M.R., Hanson,J.F., DeMarcus,L.S., Crum,M.E., Bogue,A.L., Federinko,S.P., Macias,E.A., West,C.A., Poel,J.R.","2018-02-07","2019-02-13","ssRNA(-)"
"MK400755","Influenza A virus","Alphainfluenzavirus influenzae","H3N2","",1701,"partial","Japan","Homo sapiens","oronasopharynx","Gruner,W.E., Fries,A.C., Garrett,C.M., Powell,M.L., Minnich,D.E., Couch,M.R., Hanson,J.F., DeMarcus,L.S., Crum,M.E., Bogue,A.L., Federinko,S.P., Macias,E.A., West,C.A., Poel,J.R.","2018-01-16","2019-01-20","ssRNA(-)"
"MK400756","Influenza A virus","Alphainfluenzavirus influenzae","H3N2","",1701,"partial","Japan","Homo sapiens","oronasopharynx","Gruner,W.E., Fries,A.C., Garrett,C.M., Powell,M.L., Minnich,D.E., Couch,M.R., Hanson,J.F., DeMarcus,L.S., Crum,M.E., Bogue,A.L., Federinko,S.P., Macias,E.A., West,C.A., Poel,J.R.","2018-02-06","2019-01-20","ssRNA(-)"
"MK400757","Influenza A virus","Alphainfluenzavirus influenzae","H3N2","",1701,"partial","Japan","Homo sapiens","oronasopharynx","Gruner,W.E., Fries,A.C., Garrett,C.M., Powell,M.L., Minnich,D.E., Couch,M.R., Hanson,J.F., DeMarcus,L.S., Crum,M.E., Bogue,A.L., Federinko,S.P., Macias,E.A., West,C.A., Poel,J.R.","2018-02-27","2019-01-20","ssRNA(-)"
"MK400758","Influenza A virus","Alphainfluenzavirus influenzae","H3N2","",1701,"partial","Japan","Homo sapiens","oronasopharynx","Gruner,W.E., Fries,A.C., Garrett,C.M., Powell,M.L., Minnich,D.E., Couch,M.R., Hanson,J.F., DeMarcus,L.S., Crum,M.E., Bogue,A.L., Federinko,S.P., Macias,E.A., West,C.A., Poel,J.R.","2018-03-02","2019-01-20","ssRNA(-)"
"MK400759","Influenza A virus","Alphainfluenzavirus influenzae","H3N2","",1701,"partial","Japan","Homo sapiens","oronasopharynx","Gruner,W.E., Fries,A.C., Garrett,C.M., Powell,M.L., Minnich,D.E., Couch,M.R., Hanson,J.F., DeMarcus,L.S., Crum,M.E., Bogue,A.L., Federinko,S.P., Macias,E.A., West,C.A., Poel,J.R.","2018-03-04","2019-01-20","ssRNA(-)"
"MK381485","Influenza A virus","Alphainfluenzavirus influenzae","H3N2","",1701,"partial","Japan","Homo sapiens","oronasopharynx","Gruner,W.E., Fries,A.C., Garrett,C.M., Powell,M.L., Minnich,D.E., Couch,M.R., Hanson,J.F., DeMarcus,L.S., Crum,M.E., Bogue,A.L., Federinko,S.P., Macias,E.A., West,C.A., Poel,J.R.","2018-01-17","2019-01-14","ssRNA(-)"
"MK381486","Influenza A virus","Alphainfluenzavirus influenzae","H3N2","",1701,"partial","Japan","Homo sapiens","oronasopharynx","Gruner,W.E., Fries,A.C., Garrett,C.M., Powell,M.L., Minnich,D.E., Couch,M.R., Hanson,J.F., DeMarcus,L.S., Crum,M.E., Bogue,A.L., Federinko,S.P., Macias,E.A., West,C.A., Poel,J.R.","2018-01-24","2019-01-14","ssRNA(-)"
"MK381488","Influenza A virus","Alphainfluenzavirus influenzae","H3N2","",1701,"partial","Japan","Homo sapiens","oronasopharynx","Gruner,W.E., Fries,A.C., Garrett,C.M., Powell,M.L., Minnich,D.E., Couch,M.R., Hanson,J.F., DeMarcus,L.S., Crum,M.E., Bogue,A.L., Federinko,S.P., Macias,E.A., West,C.A., Poel,J.R.","2018-02-15","2019-01-14","ssRNA(-)"
"MK271173","Influenza A virus","Alphainfluenzavirus influenzae","H3N2","",1701,"partial","Japan","Homo sapiens","oronasopharynx","Gruner,W.E., Fries,A.C., Garrett,C.M., Powell,M.L., Minnich,D.E., Couch,M.R., Hanson,J.F., DeMarcus,L.S., Crum,M.E., Bogue,A.L., Federinko,S.P., Macias,E.A., West,C.A., Dane,D.J.","2018-09-07","2018-12-12","ssRNA(-)"
"MH885204","Influenza A virus","Alphainfluenzavirus influenzae","H3N2","",1701,"partial","Japan","Homo sapiens","oronasopharynx","Gruner,W.E., Fries,A.C., Garrett,C.M., Powell,M.L., Minnich,D.E., Couch,M.R., Hanson,J.F., DeMarcus,L.S., Crum,M.E., Bogue,A.L., Federinko,S.P., Macias,E.A., West,C.A., Poel,J.R.","2018-01-18","2018-09-15","ssRNA(-)"
"MH885205","Influenza A virus","Alphainfluenzavirus influenzae","H3N2","",1701,"partial","Japan","Homo sapiens","oronasopharynx","Gruner,W.E., Fries,A.C., Garrett,C.M., Powell,M.L., Minnich,D.E., Couch,M.R., Hanson,J.F., DeMarcus,L.S., Crum,M.E., Bogue,A.L., Federinko,S.P., Macias,E.A., West,C.A., Poel,J.R.","2018-01-06","2018-09-15","ssRNA(-)"
"MH885206","Influenza A virus","Alphainfluenzavirus influenzae","H3N2","",1701,"partial","Japan","Homo sapiens","oronasopharynx","Gruner,W.E., Fries,A.C., Garrett,C.M., Powell,M.L., Minnich,D.E., Couch,M.R., Hanson,J.F., DeMarcus,L.S., Crum,M.E., Bogue,A.L., Federinko,S.P., Macias,E.A., West,C.A., Poel,J.R.","2018-01-08","2018-09-15","ssRNA(-)"
"MH885264","Influenza A virus","Alphainfluenzavirus influenzae","H3N2","",1701,"partial","Japan","Homo sapiens","oronasopharynx","Gruner,W.E., Fries,A.C., Garrett,C.M., Powell,M.L., Minnich,D.E., Couch,M.R., Hanson,J.F., DeMarcus,L.S., Crum,M.E., Bogue,A.L., Federinko,S.P., Macias,E.A., West,C.A., Poel,J.R.","2018-02-08","2018-09-15","ssRNA(-)"
"MH778979","Influenza A virus","Alphainfluenzavirus influenzae","H3N2","",1701,"partial","Japan","Homo sapiens","oronasopharynx","Gruner,W.E., Fries,A.C., Garrett,C.M., Powell,M.L., Minnich,D.E., Couch,M.R., Hanson,J.F., DeMarcus,L.S., Crum,M.E., Bogue,A.L., Federinko,S.P., Macias,E.A., West,C.A., Poel,J.R.","2018-01-08","2018-08-26","ssRNA(-)"
"MH778980","Influenza A virus","Alphainfluenzavirus influenzae","H3N2","",1701,"partial","Japan","Homo sapiens","oronasopharynx","Gruner,W.E., Fries,A.C., Garrett,C.M., Powell,M.L., Minnich,D.E., Couch,M.R., Hanson,J.F., DeMarcus,L.S., Crum,M.E., Bogue,A.L., Federinko,S.P., Macias,E.A., West,C.A., Poel,J.R.","2018-01-17","2018-08-26","ssRNA(-)"
"MH778981","Influenza A virus","Alphainfluenzavirus influenzae","H3N2","",1701,"partial","Japan","Homo sapiens","oronasopharynx","Gruner,W.E., Fries,A.C., Garrett,C.M., Powell,M.L., Minnich,D.E., Couch,M.R., Hanson,J.F., DeMarcus,L.S., Crum,M.E., Bogue,A.L., Federinko,S.P., Macias,E.A., West,C.A., Poel,J.R.","2018-01-16","2018-08-26","ssRNA(-)"
"MH778982","Influenza A virus","Alphainfluenzavirus influenzae","H3N2","",1701,"partial","Japan","Homo sapiens","oronasopharynx","Gruner,W.E., Fries,A.C., Garrett,C.M., Powell,M.L., Minnich,D.E., Couch,M.R., Hanson,J.F., DeMarcus,L.S., Crum,M.E., Bogue,A.L., Federinko,S.P., Macias,E.A., West,C.A., Poel,J.R.","2018-01-06","2018-08-26","ssRNA(-)"
"MH779032","Influenza A virus","Alphainfluenzavirus influenzae","H3N2","",1702,"partial","Japan","Homo sapiens","oronasopharynx","Gruner,W.E., Fries,A.C., Garrett,C.M., Powell,M.L., Minnich,D.E., Couch,M.R., Hanson,J.F., DeMarcus,L.S., Crum,M.E., Bogue,A.L., Federinko,S.P., Macias,E.A., West,C.A., Poel,J.R.","2018-01-15","2018-08-26","ssRNA(-)"
"MH779033","Influenza A virus","Alphainfluenzavirus influenzae","H3N2","",1701,"partial","Japan","Homo sapiens","oronasopharynx","Gruner,W.E., Fries,A.C., Garrett,C.M., Powell,M.L., Minnich,D.E., Couch,M.R., Hanson,J.F., DeMarcus,L.S., Crum,M.E., Bogue,A.L., Federinko,S.P., Macias,E.A., West,C.A., Poel,J.R.","2018-01-06","2018-08-26","ssRNA(-)"
"MH779034","Influenza A virus","Alphainfluenzavirus influenzae","H3N2","",1701,"partial","Japan","Homo sapiens","oronasopharynx","Gruner,W.E., Fries,A.C., Garrett,C.M., Powell,M.L., Minnich,D.E., Couch,M.R., Hanson,J.F., DeMarcus,L.S., Crum,M.E., Bogue,A.L., Federinko,S.P., Macias,E.A., West,C.A., Poel,J.R.","2018-01-06","2018-08-26","ssRNA(-)"
"MH701628","Influenza A virus","Alphainfluenzavirus influenzae","H3N2","FDX70336",1701,"partial","Japan","Homo sapiens","oronasopharynx","Sitz,C.R., Koster,B.L., Balansay-Ames,M.S., Graf,P.C., Myers,C.A.","2018-01-19","2018-08-05","ssRNA(-)"
"MH701636","Influenza A virus","Alphainfluenzavirus influenzae","H3N2","FDX70344",1701,"partial","Japan","Homo sapiens","oronasopharynx","Sitz,C.R., Koster,B.L., Balansay-Ames,M.S., Graf,P.C., Myers,C.A.","2018-02-05","2018-08-05","ssRNA(-)"
"MH701644","Influenza A virus","Alphainfluenzavirus influenzae","H3N2","FDX70356",1701,"partial","Japan","Homo sapiens","oronasopharynx","Sitz,C.R., Koster,B.L., Balansay-Ames,M.S., Graf,P.C., Myers,C.A.","2018-02-13","2018-08-05","ssRNA(-)"
"MH701668","Influenza A virus","Alphainfluenzavirus influenzae","H3N2","FDX70378",1701,"partial","Japan","Homo sapiens","oronasopharynx","Sitz,C.R., Koster,B.L., Balansay-Ames,M.S., Graf,P.C., Myers,C.A.","2018-03-01","2018-08-05","ssRNA(-)"
"MH701676","Influenza A virus","Alphainfluenzavirus influenzae","H3N2","RGN0214",1701,"partial","Japan","Homo sapiens","oronasopharynx","Sitz,C.R., Koster,B.L., Balansay-Ames,M.S., Graf,P.C., Myers,C.A.","2017-10-10","2018-08-05","ssRNA(-)"
"MH294839","Influenza A virus","Alphainfluenzavirus influenzae","H3N2","",1701,"partial","Japan","Homo sapiens","oronasopharynx","Gruner,W.E., Fries,A.C., Garrett,C.M., Powell,M.L., Minnich,D.E., Couch,M.R., Hanson,J.F., DeMarcus,L.S., Crum,M.E., Bogue,A.L., Federinko,S.P., Macias,E.A., West,C.A., Poel,J.R.","2017-12-12","2018-05-10","ssRNA(-)"
"CY243935","Influenza A virus (A/Japan/5823/2017(H3N2))","Alphainfluenzavirus influenzae","H3N2","",1701,"partial","Japan","Homo sapiens","oronasopharynx","Gruner,W.E., Fries,A.C., Garrett,C.M., Powell,M.L., Minnich,D.E., Couch,M.R., Hanson,J.F., DeMarcus,L.S., Smith,J.P., Edwards,M.A., Federinko,S.P., Macias,E.A., West,C.A., Poel,J.R.","2017-01-21","2017-09-18","ssRNA(-)"
"CY243996","Influenza A virus (A/Japan/5884/2017(H3N2))","Alphainfluenzavirus influenzae","H3N2","",1701,"partial","Japan","Homo sapiens","oronasopharynx","Gruner,W.E., Fries,A.C., Garrett,C.M., Powell,M.L., Minnich,D.E., Couch,M.R., Hanson,J.F., DeMarcus,L.S., Smith,J.P., Edwards,M.A., Federinko,S.P., Macias,E.A., West,C.A., Poel,J.R.","2017-01-30","2017-09-18","ssRNA(-)"
"CY243997","Influenza A virus (A/Japan/5885/2017(H3N2))","Alphainfluenzavirus influenzae","H3N2","",1701,"partial","Japan","Homo sapiens","oronasopharynx","Gruner,W.E., Fries,A.C., Garrett,C.M., Powell,M.L., Minnich,D.E., Couch,M.R., Hanson,J.F., DeMarcus,L.S., Smith,J.P., Edwards,M.A., Federinko,S.P., Macias,E.A., West,C.A., Poel,J.R.","2017-01-30","2017-09-18","ssRNA(-)"
"CY243998","Influenza A virus (A/Japan/5886/2017(H3N2))","Alphainfluenzavirus influenzae","H3N2","",1701,"partial","Japan","Homo sapiens","oronasopharynx","Gruner,W.E., Fries,A.C., Garrett,C.M., Powell,M.L., Minnich,D.E., Couch,M.R., Hanson,J.F., DeMarcus,L.S., Smith,J.P., Edwards,M.A., Federinko,S.P., Macias,E.A., West,C.A., Poel,J.R.","2017-01-30","2017-09-18","ssRNA(-)"
"CY243999","Influenza A virus (A/Japan/5887/2017(H3N2))","Alphainfluenzavirus influenzae","H3N2","",1701,"partial","Japan","Homo sapiens","oronasopharynx","Gruner,W.E., Fries,A.C., Garrett,C.M., Powell,M.L., Minnich,D.E., Couch,M.R., Hanson,J.F., DeMarcus,L.S., Smith,J.P., Edwards,M.A., Federinko,S.P., Macias,E.A., West,C.A., Poel,J.R.","2017-01-25","2017-09-18","ssRNA(-)"
"CY244093","Influenza A virus (A/Japan/5981/2017(H3N2))","Alphainfluenzavirus influenzae","H3N2","",1701,"partial","Japan","Homo sapiens","oronasopharynx","Gruner,W.E., Fries,A.C., Garrett,C.M., Powell,M.L., Minnich,D.E., Couch,M.R., Hanson,J.F., DeMarcus,L.S., Smith,J.P., Edwards,M.A., Federinko,S.P., Macias,E.A., West,C.A., Poel,J.R.","2017-01-31","2017-09-18","ssRNA(-)"
"CY244094","Influenza A virus (A/Japan/5982/2017(H3N2))","Alphainfluenzavirus influenzae","H3N2","",1701,"partial","Japan","Homo sapiens","oronasopharynx","Gruner,W.E., Fries,A.C., Garrett,C.M., Powell,M.L., Minnich,D.E., Couch,M.R., Hanson,J.F., DeMarcus,L.S., Smith,J.P., Edwards,M.A., Federinko,S.P., Macias,E.A., West,C.A., Poel,J.R.","2017-01-31","2017-09-18","ssRNA(-)"
"CY244095","Influenza A virus (A/Japan/5983/2017(H3N2))","Alphainfluenzavirus influenzae","H3N2","",1701,"partial","Japan","Homo sapiens","oronasopharynx","Gruner,W.E., Fries,A.C., Garrett,C.M., Powell,M.L., Minnich,D.E., Couch,M.R., Hanson,J.F., DeMarcus,L.S., Smith,J.P., Edwards,M.A., Federinko,S.P., Macias,E.A., West,C.A., Poel,J.R.","2017-02-10","2017-09-18","ssRNA(-)"
"CY244096","Influenza A virus (A/Japan/5984/2017(H3N2))","Alphainfluenzavirus influenzae","H3N2","",1701,"partial","Japan","Homo sapiens","oronasopharynx","Gruner,W.E., Fries,A.C., Garrett,C.M., Powell,M.L., Minnich,D.E., Couch,M.R., Hanson,J.F., DeMarcus,L.S., Smith,J.P., Edwards,M.A., Federinko,S.P., Macias,E.A., West,C.A., Poel,J.R.","2017-02-13","2017-09-18","ssRNA(-)"
"CY244223","Influenza A virus (A/Japan/6111/2017(H3N2))","Alphainfluenzavirus influenzae","H3N2","",1701,"partial","Japan","Homo sapiens","oronasopharynx","Gruner,W.E., Fries,A.C., Garrett,C.M., Powell,M.L., Minnich,D.E., Couch,M.R., Hanson,J.F., DeMarcus,L.S., Smith,J.P., Edwards,M.A., Federinko,S.P., Macias,E.A., West,C.A., Poel,J.R.","2017-02-23","2017-09-18","ssRNA(-)"
"CY244224","Influenza A virus (A/Japan/6112/2017(H3N2))","Alphainfluenzavirus influenzae","H3N2","",1701,"partial","Japan","Homo sapiens","oronasopharynx","Gruner,W.E., Fries,A.C., Garrett,C.M., Powell,M.L., Minnich,D.E., Couch,M.R., Hanson,J.F., DeMarcus,L.S., Smith,J.P., Edwards,M.A., Federinko,S.P., Macias,E.A., West,C.A., Poel,J.R.","2017-02-27","2017-09-18","ssRNA(-)"
"CY244225","Influenza A virus (A/Japan/6113/2017(H3N2))","Alphainfluenzavirus influenzae","H3N2","",1701,"partial","Japan","Homo sapiens","oronasopharynx","Gruner,W.E., Fries,A.C., Garrett,C.M., Powell,M.L., Minnich,D.E., Couch,M.R., Hanson,J.F., DeMarcus,L.S., Smith,J.P., Edwards,M.A., Federinko,S.P., Macias,E.A., West,C.A., Poel,J.R.","2017-03-04","2017-09-18","ssRNA(-)"
"CY244226","Influenza A virus (A/Japan/6114/2017(H3N2))","Alphainfluenzavirus influenzae","H3N2","",1701,"partial","Japan","Homo sapiens","oronasopharynx","Gruner,W.E., Fries,A.C., Garrett,C.M., Powell,M.L., Minnich,D.E., Couch,M.R., Hanson,J.F., DeMarcus,L.S., Smith,J.P., Edwards,M.A., Federinko,S.P., Macias,E.A., West,C.A., Poel,J.R.","2017-03-06","2017-09-18","ssRNA(-)"
"CY234966","Influenza A virus (A/Japan/5684/2016(H3N2))","Alphainfluenzavirus influenzae","H3N2","",1701,"partial","Japan","Homo sapiens","oronasopharynx","Gruner,W.E., Fries,A.C., Garrett,C.M., Powell,M.L., Minnich,D.E., Couch,M.R., Hanson,J.F., DeMarcus,L.S., Smith,J.P., Edwards,M.A., Federinko,S.P., Macias,E.A., West,C.A., Poel,J.R.","2016-12-22","2017-06-26","ssRNA(-)"
"CY234967","Influenza A virus (A/Japan/5685/2016(H3N2))","Alphainfluenzavirus influenzae","H3N2","",1701,"partial","Japan","Homo sapiens","oronasopharynx","Gruner,W.E., Fries,A.C., Garrett,C.M., Powell,M.L., Minnich,D.E., Couch,M.R., Hanson,J.F., DeMarcus,L.S., Smith,J.P., Edwards,M.A., Federinko,S.P., Macias,E.A., West,C.A., Poel,J.R.","2016-12-24","2017-06-26","ssRNA(-)"
"CY235011","Influenza A virus (A/Japan/5729/2016(H3N2))","Alphainfluenzavirus influenzae","H3N2","",1701,"partial","Japan","Homo sapiens","oronasopharynx","Gruner,W.E., Fries,A.C., Garrett,C.M., Powell,M.L., Minnich,D.E., Couch,M.R., Hanson,J.F., DeMarcus,L.S., Smith,J.P., Edwards,M.A., Federinko,S.P., Macias,E.A., West,C.A., Poel,J.R.","2016-12-30","2017-06-26","ssRNA(-)"
"MF182506","Influenza A virus (A/Japan/NHRC_FDX70118/2016(H3N2))","Alphainfluenzavirus influenzae","H3N2","",1701,"partial","Japan","Homo sapiens","oronasopharynx","Sitz,C.R., Raridon,B.L., Balansay-Ames,M.S., Hawksworth,A.W., Graf,P.C., Myers,C.A.","2016-12-15","2017-06-24","ssRNA(-)"
"MF182507","Influenza A virus (A/Japan/NHRC_FDX70119/2016(H3N2))","Alphainfluenzavirus influenzae","H3N2","",1701,"partial","Japan","Homo sapiens","oronasopharynx","Sitz,C.R., Raridon,B.L., Balansay-Ames,M.S., Hawksworth,A.W., Graf,P.C., Myers,C.A.","2016-12-15","2017-06-24","ssRNA(-)"
"MF182508","Influenza A virus (A/Japan/NHRC_FDX70127/2017(H3N2))","Alphainfluenzavirus influenzae","H3N2","",1701,"partial","Japan","Homo sapiens","oronasopharynx","Sitz,C.R., Raridon,B.L., Balansay-Ames,M.S., Hawksworth,A.W., Graf,P.C., Myers,C.A.","2017-01-09","2017-06-24","ssRNA(-)"
"CY234885","Influenza A virus (A/Japan/5603/2016(H3N2))","Alphainfluenzavirus influenzae","H3N2","",1701,"partial","Japan","Homo sapiens","oronasopharynx","Gruner,W.E., Fries,A.C., Garrett,C.M., Powell,M.L., Minnich,D.E., Couch,M.R., Hanson,J.F., DeMarcus,L.S., Smith,J.P., Edwards,M.A., Federinko,S.P., Macias,E.A., West,C.A., Poel,J.R.","2016-09-29","2017-06-19","ssRNA(-)"
"CY234886","Influenza A virus (A/Japan/5604/2016(H3N2))","Alphainfluenzavirus influenzae","H3N2","",1701,"partial","Japan","Homo sapiens","oronasopharynx","Gruner,W.E., Fries,A.C., Garrett,C.M., Powell,M.L., Minnich,D.E., Couch,M.R., Hanson,J.F., DeMarcus,L.S., Smith,J.P., Edwards,M.A., Federinko,S.P., Macias,E.A., West,C.A., Poel,J.R.","2016-10-27","2017-06-19","ssRNA(-)"
"CY234887","Influenza A virus (A/Japan/5605/2016(H3N2))","Alphainfluenzavirus influenzae","H3N2","",1701,"partial","Japan","Homo sapiens","oronasopharynx","Gruner,W.E., Fries,A.C., Garrett,C.M., Powell,M.L., Minnich,D.E., Couch,M.R., Hanson,J.F., DeMarcus,L.S., Smith,J.P., Edwards,M.A., Federinko,S.P., Macias,E.A., West,C.A., Poel,J.R.","2016-11-02","2017-06-19","ssRNA(-)"
"CY234920","Influenza A virus (A/Japan/5638/2016(H3N2))","Alphainfluenzavirus influenzae","H3N2","",1701,"partial","Japan","Homo sapiens","oronasopharynx","Gruner,W.E., Fries,A.C., Garrett,C.M., Powell,M.L., Minnich,D.E., Couch,M.R., Hanson,J.F., DeMarcus,L.S., Smith,J.P., Edwards,M.A., Federinko,S.P., Macias,E.A., West,C.A., Poel,J.R.","2016-12-08","2017-06-19","ssRNA(-)"
"CY208355","Influenza A virus (A/Japan/5122/2016(H3N2))","Alphainfluenzavirus influenzae","H3N2","",1701,"partial","Japan","Homo sapiens","oronasopharynx","Gruner,W.E., Fries,A.C., Garrett,C.M., Powell,M.L., Minnich,D.E., Couch,M.R., Hanson,J.F., DeMarcus,L.S., Smith,J.P., Edwards,M.A., Federinko,S.P., Macias,E.A., West,C.A., Poel,J.R.","2016-02-24","2016-12-02","ssRNA(-)"
"CY208356","Influenza A virus (A/Japan/5123/2016(H3N2))","Alphainfluenzavirus influenzae","H3N2","",1701,"partial","Japan","Homo sapiens","oronasopharynx","Gruner,W.E., Fries,A.C., Garrett,C.M., Powell,M.L., Minnich,D.E., Couch,M.R., Hanson,J.F., DeMarcus,L.S., Smith,J.P., Edwards,M.A., Federinko,S.P., Macias,E.A., West,C.A., Poel,J.R.","2016-02-23","2016-12-02","ssRNA(-)"
"CY208123","Influenza A virus (A/Japan/4890/2015(H3N2))","Alphainfluenzavirus influenzae","H3N2","",1701,"partial","Japan","Homo sapiens","oronasopharynx","Gruner,W.E., Fries,A.C., Garrett,C.M., Powell,M.L., Minnich,D.E., Couch,M.R., Hanson,J.F., DeMarcus,L.S., Smith,J.P., Edwards,M.A., Federinko,S.P., Macias,E.A., West,C.A., Poel,J.R.","2015-10-02","2016-11-29","ssRNA(-)"
"CY208296","Influenza A virus (A/Japan/5063/2016(H3N2))","Alphainfluenzavirus influenzae","H3N2","",1701,"partial","Japan","Homo sapiens","oronasopharynx","Gruner,W.E., Fries,A.C., Garrett,C.M., Powell,M.L., Minnich,D.E., Couch,M.R., Hanson,J.F., DeMarcus,L.S., Smith,J.P., Edwards,M.A., Federinko,S.P., Macias,E.A., West,C.A., Poel,J.R.","2016-01-29","2016-11-29","ssRNA(-)"
"LC155865","Influenza A virus (A/Ishikawa/DS-217/2015(H3N2))","Alphainfluenzavirus influenzae","H3N2","",1701,"partial","Japan:Ishikawa","Homo sapiens","","Chong,Y., Ikematsu,H.","2015-01-05","2016-06-03","ssRNA(-)"
"LC155866","Influenza A virus (A/Chiba/DS-247/2015(H3N2))","Alphainfluenzavirus influenzae","H3N2","",1701,"partial","Japan:Chiba","Homo sapiens","","Chong,Y., Ikematsu,H.","2015-01-06","2016-06-03","ssRNA(-)"
"LC155867","Influenza A virus (A/Fukuoka/DS-248/2015(H3N2))","Alphainfluenzavirus influenzae","H3N2","",1701,"partial","Japan:Fukuoka","Homo sapiens","","Chong,Y., Ikematsu,H.","2015-01-06","2016-06-03","ssRNA(-)"
"LC155868","Influenza A virus (A/Tokushima/DS-271/2015(H3N2))","Alphainfluenzavirus influenzae","H3N2","",1701,"partial","Japan:Tokushima","Homo sapiens","","Chong,Y., Ikematsu,H.","2015-01-07","2016-06-03","ssRNA(-)"
"LC155869","Influenza A virus (A/Ishikawa/DS-276v/2015(H3N2))","Alphainfluenzavirus influenzae","H3N2","",1701,"partial","Japan:Ishikawa","Homo sapiens","","Chong,Y., Ikematsu,H.","2015-01-07","2016-06-03","ssRNA(-)"
"LC155870","Influenza A virus (A/Hyogo/DS-282v/2015(H3N2))","Alphainfluenzavirus influenzae","H3N2","",1701,"partial","Japan:Hyogo","Homo sapiens","","Chong,Y., Ikematsu,H.","2015-01-07","2016-06-03","ssRNA(-)"
"LC155871","Influenza A virus (A/Ishikawa/DS-284/2015(H3N2))","Alphainfluenzavirus influenzae","H3N2","",1701,"partial","Japan:Ishikawa","Homo sapiens","","Chong,Y., Ikematsu,H.","2015-01-08","2016-06-03","ssRNA(-)"
"LC155872","Influenza A virus (A/Tokushima/DS-288/2015(H3N2))","Alphainfluenzavirus influenzae","H3N2","",1701,"partial","Japan:Tokushima","Homo sapiens","","Chong,Y., Ikematsu,H.","2015-01-08","2016-06-03","ssRNA(-)"
"LC155873","Influenza A virus (A/Ishikawa/DS-311v/2015(H3N2))","Alphainfluenzavirus influenzae","H3N2","",1701,"partial","Japan:Ishikawa","Homo sapiens","","Chong,Y., Ikematsu,H.","2015-01-09","2016-06-03","ssRNA(-)"
"LC155874","Influenza A virus (A/Tokushima/DS-316/2015(H3N2))","Alphainfluenzavirus influenzae","H3N2","",1701,"partial","Japan:Tokushima","Homo sapiens","","Chong,Y., Ikematsu,H.","2015-01-09","2016-06-03","ssRNA(-)"
"LC155875","Influenza A virus (A/Tokushima/DS-317v/2015(H3N2))","Alphainfluenzavirus influenzae","H3N2","",1701,"partial","Japan:Tokushima","Homo sapiens","","Chong,Y., Ikematsu,H.","2015-01-09","2016-06-03","ssRNA(-)"
"LC155876","Influenza A virus (A/Fukuoka/DS-323v/2015(H3N2))","Alphainfluenzavirus influenzae","H3N2","",1701,"partial","Japan:Fukuoka","Homo sapiens","","Chong,Y., Ikematsu,H.","2015-01-10","2016-06-03","ssRNA(-)"
"LC155877","Influenza A virus (A/Ishikawa/DS-383/2015(H3N2))","Alphainfluenzavirus influenzae","H3N2","",1701,"partial","Japan:Ishikawa","Homo sapiens","","Chong,Y., Ikematsu,H.","2015-01-15","2016-06-03","ssRNA(-)"
"LC155878","Influenza A virus (A/Fukuoka/DS-384v/2015(H3N2))","Alphainfluenzavirus influenzae","H3N2","",1701,"partial","Japan:Fukuoka","Homo sapiens","","Chong,Y., Ikematsu,H.","2015-01-15","2016-06-03","ssRNA(-)"
"LC155879","Influenza A virus (A/Gifu/DS-386/2015(H3N2))","Alphainfluenzavirus influenzae","H3N2","",1701,"partial","Japan:Gifu","Homo sapiens","","Chong,Y., Ikematsu,H.","2015-01-13","2016-06-03","ssRNA(-)"
"LC155880","Influenza A virus (A/Tokyo/DS-388v/2015(H3N2))","Alphainfluenzavirus influenzae","H3N2","",1701,"partial","Japan:Tokyo","Homo sapiens","","Chong,Y., Ikematsu,H.","2015-01-16","2016-06-03","ssRNA(-)"
"LC155881","Influenza A virus (A/Ishikawa/DS-403/2015(H3N2))","Alphainfluenzavirus influenzae","H3N2","",1701,"partial","Japan:Ishikawa","Homo sapiens","","Chong,Y., Ikematsu,H.","2015-01-17","2016-06-03","ssRNA(-)"
"LC155882","Influenza A virus (A/Kumamoto/DS-424v/2015(H3N2))","Alphainfluenzavirus influenzae","H3N2","",1701,"partial","Japan:Kumamoto","Homo sapiens","","Chong,Y., Ikematsu,H.","2015-01-19","2016-06-03","ssRNA(-)"
"LC155883","Influenza A virus (A/Ishikawa/DS-427v/2015(H3N2))","Alphainfluenzavirus influenzae","H3N2","",1701,"partial","Japan:Ishikawa","Homo sapiens","","Chong,Y., Ikematsu,H.","2015-01-20","2016-06-03","ssRNA(-)"
"LC155884","Influenza A virus (A/Tokyo/DS-442v/2015(H3N2))","Alphainfluenzavirus influenzae","H3N2","",1701,"partial","Japan:Tokyo","Homo sapiens","","Chong,Y., Ikematsu,H.","2015-01-22","2016-06-03","ssRNA(-)"
"LC155885","Influenza A virus (A/Kanagawa/DS-448v/2015(H3N2))","Alphainfluenzavirus influenzae","H3N2","",1701,"partial","Japan:Kanagawa","Homo sapiens","","Chong,Y., Ikematsu,H.","2015-01-21","2016-06-03","ssRNA(-)"
"LC155886","Influenza A virus (A/Tokyo/DS-451v/2015(H3N2))","Alphainfluenzavirus influenzae","H3N2","",1701,"partial","Japan:Tokyo","Homo sapiens","","Chong,Y., Ikematsu,H.","2015-01-23","2016-06-03","ssRNA(-)"
"LC155887","Influenza A virus (A/Fukuoka/DS-461v/2015(H3N2))","Alphainfluenzavirus influenzae","H3N2","",1701,"partial","Japan:Fukuoka","Homo sapiens","","Chong,Y., Ikematsu,H.","2015-01-24","2016-06-03","ssRNA(-)"
"LC155888","Influenza A virus (A/Fukuoka/DS-462v/2015(H3N2))","Alphainfluenzavirus influenzae","H3N2","",1701,"partial","Japan:Fukuoka","Homo sapiens","","Chong,Y., Ikematsu,H.","2015-01-23","2016-06-03","ssRNA(-)"
"LC155889","Influenza A virus (A/Fukuoka/DS-472/2015(H3N2))","Alphainfluenzavirus influenzae","H3N2","",1701,"partial","Japan:Fukuoka","Homo sapiens","","Chong,Y., Ikematsu,H.","2015-01-24","2016-06-03","ssRNA(-)"
"LC155890","Influenza A virus (A/Fukuoka/DS-482v/2015(H3N2))","Alphainfluenzavirus influenzae","H3N2","",1701,"partial","Japan:Fukuoka","Homo sapiens","","Chong,Y., Ikematsu,H.","2015-01-26","2016-06-03","ssRNA(-)"
"LC155891","Influenza A virus (A/Ishikawa/DS-485v/2015(H3N2))","Alphainfluenzavirus influenzae","H3N2","",1701,"partial","Japan:Ishikawa","Homo sapiens","","Chong,Y., Ikematsu,H.","2015-01-27","2016-06-03","ssRNA(-)"
"LC155892","Influenza A virus (A/Gifu/DS-499/2015(H3N2))","Alphainfluenzavirus influenzae","H3N2","",1701,"partial","Japan:Gifu","Homo sapiens","","Chong,Y., Ikematsu,H.","2015-01-30","2016-06-03","ssRNA(-)"
"LC155893","Influenza A virus (A/Tokyo/DS-508/2015(H3N2))","Alphainfluenzavirus influenzae","H3N2","",1701,"partial","Japan:Tokyo","Homo sapiens","","Chong,Y., Ikematsu,H.","2015-02-02","2016-06-03","ssRNA(-)"
"LC155894","Influenza A virus (A/Kanagawa/DS-542/2015(H3N2))","Alphainfluenzavirus influenzae","H3N2","",1701,"partial","Japan:Kanagawa","Homo sapiens","","Chong,Y., Ikematsu,H.","2015-02-23","2016-06-03","ssRNA(-)"
"LC155895","Influenza A virus (A/Tokyo/DS-547v/2015(H3N2))","Alphainfluenzavirus influenzae","H3N2","",1701,"partial","Japan:Tokyo","Homo sapiens","","Chong,Y., Ikematsu,H.","2015-03-03","2016-06-03","ssRNA(-)"
"LC155896","Influenza A virus (A/Tokyo/DS-553v/2015(H3N2))","Alphainfluenzavirus influenzae","H3N2","",1701,"partial","Japan:Tokyo","Homo sapiens","","Chong,Y., Ikematsu,H.","2015-03-10","2016-06-03","ssRNA(-)"
"CY194000","Influenza A virus (A/Japan/4747/2015(H3N2))","Alphainfluenzavirus influenzae","H3N2","",1701,"partial","Japan","Homo sapiens","oronasopharynx","Gruner,W.E., Jones,S.L., Sinclair,L.E., Sarria,S.H., Bisaha,S.A., Canas,L.C., Baker,J.A., Couch,M.R., Garrett,C.M., Powell,M.L., Hanson,J.F., Yohannes,R.A., DeMarcus,L.S., Smith,J.P., Fumia,K.F., Federinko,S.P., Macias,E.A., Olsen,E.T., Sjoberg,P.A.","2015-01-30","2015-11-10","ssRNA(-)"
"CY194001","Influenza A virus (A/Japan/4748/2015(H3N2))","Alphainfluenzavirus influenzae","H3N2","",1701,"partial","Japan","Homo sapiens","oronasopharynx","Gruner,W.E., Jones,S.L., Sinclair,L.E., Sarria,S.H., Bisaha,S.A., Canas,L.C., Baker,J.A., Couch,M.R., Garrett,C.M., Powell,M.L., Hanson,J.F., Yohannes,R.A., DeMarcus,L.S., Smith,J.P., Fumia,K.F., Federinko,S.P., Macias,E.A., Olsen,E.T., Sjoberg,P.A.","2015-02-03","2015-11-10","ssRNA(-)"
"CY194002","Influenza A virus (A/Japan/4749/2015(H3N2))","Alphainfluenzavirus influenzae","H3N2","",1701,"partial","Japan","Homo sapiens","oronasopharynx","Gruner,W.E., Jones,S.L., Sinclair,L.E., Sarria,S.H., Bisaha,S.A., Canas,L.C., Baker,J.A., Couch,M.R., Garrett,C.M., Powell,M.L., Hanson,J.F., Yohannes,R.A., DeMarcus,L.S., Smith,J.P., Fumia,K.F., Federinko,S.P., Macias,E.A., Olsen,E.T., Sjoberg,P.A.","2015-02-01","2015-11-10","ssRNA(-)"
"CY194003","Influenza A virus (A/Japan/4750/2015(H3N2))","Alphainfluenzavirus influenzae","H3N2","",1701,"partial","Japan","Homo sapiens","oronasopharynx","Gruner,W.E., Jones,S.L., Sinclair,L.E., Sarria,S.H., Bisaha,S.A., Canas,L.C., Baker,J.A., Couch,M.R., Garrett,C.M., Powell,M.L., Hanson,J.F., Yohannes,R.A., DeMarcus,L.S., Smith,J.P., Fumia,K.F., Federinko,S.P., Macias,E.A., Olsen,E.T., Sjoberg,P.A.","2015-01-28","2015-11-10","ssRNA(-)"
"CY194004","Influenza A virus (A/Japan/4751/2015(H3N2))","Alphainfluenzavirus influenzae","H3N2","",1701,"partial","Japan","Homo sapiens","oronasopharynx","Gruner,W.E., Jones,S.L., Sinclair,L.E., Sarria,S.H., Bisaha,S.A., Canas,L.C., Baker,J.A., Couch,M.R., Garrett,C.M., Powell,M.L., Hanson,J.F., Yohannes,R.A., DeMarcus,L.S., Smith,J.P., Fumia,K.F., Federinko,S.P., Macias,E.A., Olsen,E.T., Sjoberg,P.A.","2015-02-04","2015-11-10","ssRNA(-)"
"CY194005","Influenza A virus (A/Japan/4752/2015(H3N2))","Alphainfluenzavirus influenzae","H3N2","",1701,"partial","Japan","Homo sapiens","oronasopharynx","Gruner,W.E., Jones,S.L., Sinclair,L.E., Sarria,S.H., Bisaha,S.A., Canas,L.C., Baker,J.A., Couch,M.R., Garrett,C.M., Powell,M.L., Hanson,J.F., Yohannes,R.A., DeMarcus,L.S., Smith,J.P., Fumia,K.F., Federinko,S.P., Macias,E.A., Olsen,E.T., Sjoberg,P.A.","2015-02-06","2015-11-10","ssRNA(-)"
"CY194006","Influenza A virus (A/Japan/4753/2015(H3N2))","Alphainfluenzavirus influenzae","H3N2","",1701,"partial","Japan","Homo sapiens","oronasopharynx","Gruner,W.E., Jones,S.L., Sinclair,L.E., Sarria,S.H., Bisaha,S.A., Canas,L.C., Baker,J.A., Couch,M.R., Garrett,C.M., Powell,M.L., Hanson,J.F., Yohannes,R.A., DeMarcus,L.S., Smith,J.P., Fumia,K.F., Federinko,S.P., Macias,E.A., Olsen,E.T., Sjoberg,P.A.","2015-02-06","2015-11-10","ssRNA(-)"
"CY194007","Influenza A virus (A/Japan/4754/2015(H3N2))","Alphainfluenzavirus influenzae","H3N2","",1701,"partial","Japan","Homo sapiens","oronasopharynx","Gruner,W.E., Jones,S.L., Sinclair,L.E., Sarria,S.H., Bisaha,S.A., Canas,L.C., Baker,J.A., Couch,M.R., Garrett,C.M., Powell,M.L., Hanson,J.F., Yohannes,R.A., DeMarcus,L.S., Smith,J.P., Fumia,K.F., Federinko,S.P., Macias,E.A., Olsen,E.T., Sjoberg,P.A.","2015-02-03","2015-11-10","ssRNA(-)"
"CY194008","Influenza A virus (A/Japan/4755/2015(H3N2))","Alphainfluenzavirus influenzae","H3N2","",1701,"partial","Japan","Homo sapiens","oronasopharynx","Gruner,W.E., Jones,S.L., Sinclair,L.E., Sarria,S.H., Bisaha,S.A., Canas,L.C., Baker,J.A., Couch,M.R., Garrett,C.M., Powell,M.L., Hanson,J.F., Yohannes,R.A., DeMarcus,L.S., Smith,J.P., Fumia,K.F., Federinko,S.P., Macias,E.A., Olsen,E.T., Sjoberg,P.A.","2015-02-08","2015-11-10","ssRNA(-)"
"CY194009","Influenza A virus (A/Japan/4756/2015(H3N2))","Alphainfluenzavirus influenzae","H3N2","",1701,"partial","Japan","Homo sapiens","oronasopharynx","Gruner,W.E., Jones,S.L., Sinclair,L.E., Sarria,S.H., Bisaha,S.A., Canas,L.C., Baker,J.A., Couch,M.R., Garrett,C.M., Powell,M.L., Hanson,J.F., Yohannes,R.A., DeMarcus,L.S., Smith,J.P., Fumia,K.F., Federinko,S.P., Macias,E.A., Olsen,E.T., Sjoberg,P.A.","2015-02-08","2015-11-10","ssRNA(-)"
"CY194010","Influenza A virus (A/Japan/4757/2015(H3N2))","Alphainfluenzavirus influenzae","H3N2","",1701,"partial","Japan","Homo sapiens","oronasopharynx","Gruner,W.E., Jones,S.L., Sinclair,L.E., Sarria,S.H., Bisaha,S.A., Canas,L.C., Baker,J.A., Couch,M.R., Garrett,C.M., Powell,M.L., Hanson,J.F., Yohannes,R.A., DeMarcus,L.S., Smith,J.P., Fumia,K.F., Federinko,S.P., Macias,E.A., Olsen,E.T., Sjoberg,P.A.","2015-02-08","2015-11-10","ssRNA(-)"
"CY194011","Influenza A virus (A/Japan/4758/2015(H3N2))","Alphainfluenzavirus influenzae","H3N2","",1701,"partial","Japan","Homo sapiens","oronasopharynx","Gruner,W.E., Jones,S.L., Sinclair,L.E., Sarria,S.H., Bisaha,S.A., Canas,L.C., Baker,J.A., Couch,M.R., Garrett,C.M., Powell,M.L., Hanson,J.F., Yohannes,R.A., DeMarcus,L.S., Smith,J.P., Fumia,K.F., Federinko,S.P., Macias,E.A., Olsen,E.T., Sjoberg,P.A.","2015-02-08","2015-11-10","ssRNA(-)"
"CY194012","Influenza A virus (A/Japan/4759/2015(H3N2))","Alphainfluenzavirus influenzae","H3N2","",1701,"partial","Japan","Homo sapiens","oronasopharynx","Gruner,W.E., Jones,S.L., Sinclair,L.E., Sarria,S.H., Bisaha,S.A., Canas,L.C., Baker,J.A., Couch,M.R., Garrett,C.M., Powell,M.L., Hanson,J.F., Yohannes,R.A., DeMarcus,L.S., Smith,J.P., Fumia,K.F., Federinko,S.P., Macias,E.A., Olsen,E.T., Sjoberg,P.A.","2015-01-23","2015-11-10","ssRNA(-)"
"CY194013","Influenza A virus (A/Japan/4760/2015(H3N2))","Alphainfluenzavirus influenzae","H3N2","",1701,"partial","Japan","Homo sapiens","oronasopharynx","Gruner,W.E., Jones,S.L., Sinclair,L.E., Sarria,S.H., Bisaha,S.A., Canas,L.C., Baker,J.A., Couch,M.R., Garrett,C.M., Powell,M.L., Hanson,J.F., Yohannes,R.A., DeMarcus,L.S., Smith,J.P., Fumia,K.F., Federinko,S.P., Macias,E.A., Olsen,E.T., Sjoberg,P.A.","2015-01-22","2015-11-10","ssRNA(-)"
"CY194014","Influenza A virus (A/Japan/4761/2015(H3N2))","Alphainfluenzavirus influenzae","H3N2","",1701,"partial","Japan","Homo sapiens","oronasopharynx","Gruner,W.E., Jones,S.L., Sinclair,L.E., Sarria,S.H., Bisaha,S.A., Canas,L.C., Baker,J.A., Couch,M.R., Garrett,C.M., Powell,M.L., Hanson,J.F., Yohannes,R.A., DeMarcus,L.S., Smith,J.P., Fumia,K.F., Federinko,S.P., Macias,E.A., Olsen,E.T., Sjoberg,P.A.","2015-01-20","2015-11-10","ssRNA(-)"
"CY194015","Influenza A virus (A/Japan/4762/2015(H3N2))","Alphainfluenzavirus influenzae","H3N2","",1701,"partial","Japan","Homo sapiens","oronasopharynx","Gruner,W.E., Jones,S.L., Sinclair,L.E., Sarria,S.H., Bisaha,S.A., Canas,L.C., Baker,J.A., Couch,M.R., Garrett,C.M., Powell,M.L., Hanson,J.F., Yohannes,R.A., DeMarcus,L.S., Smith,J.P., Fumia,K.F., Federinko,S.P., Macias,E.A., Olsen,E.T., Sjoberg,P.A.","2015-01-28","2015-11-10","ssRNA(-)"
"CY194016","Influenza A virus (A/Japan/4763/2015(H3N2))","Alphainfluenzavirus influenzae","H3N2","",1701,"partial","Japan","Homo sapiens","oronasopharynx","Gruner,W.E., Jones,S.L., Sinclair,L.E., Sarria,S.H., Bisaha,S.A., Canas,L.C., Baker,J.A., Couch,M.R., Garrett,C.M., Powell,M.L., Hanson,J.F., Yohannes,R.A., DeMarcus,L.S., Smith,J.P., Fumia,K.F., Federinko,S.P., Macias,E.A., Olsen,E.T., Sjoberg,P.A.","2015-02-13","2015-11-10","ssRNA(-)"
"CY194017","Influenza A virus (A/Japan/4764/2015(H3N2))","Alphainfluenzavirus influenzae","H3N2","",1701,"partial","Japan","Homo sapiens","oronasopharynx","Gruner,W.E., Jones,S.L., Sinclair,L.E., Sarria,S.H., Bisaha,S.A., Canas,L.C., Baker,J.A., Couch,M.R., Garrett,C.M., Powell,M.L., Hanson,J.F., Yohannes,R.A., DeMarcus,L.S., Smith,J.P., Fumia,K.F., Federinko,S.P., Macias,E.A., Olsen,E.T., Sjoberg,P.A.","2015-02-20","2015-11-10","ssRNA(-)"
"CY194018","Influenza A virus (A/Japan/4765/2015(H3N2))","Alphainfluenzavirus influenzae","H3N2","",1701,"partial","Japan","Homo sapiens","oronasopharynx","Gruner,W.E., Jones,S.L., Sinclair,L.E., Sarria,S.H., Bisaha,S.A., Canas,L.C., Baker,J.A., Couch,M.R., Garrett,C.M., Powell,M.L., Hanson,J.F., Yohannes,R.A., DeMarcus,L.S., Smith,J.P., Fumia,K.F., Federinko,S.P., Macias,E.A., Olsen,E.T., Sjoberg,P.A.","2015-02-23","2015-11-10","ssRNA(-)"
"CY194019","Influenza A virus (A/Japan/4766/2015(H3N2))","Alphainfluenzavirus influenzae","H3N2","",1701,"partial","Japan","Homo sapiens","oronasopharynx","Gruner,W.E., Jones,S.L., Sinclair,L.E., Sarria,S.H., Bisaha,S.A., Canas,L.C., Baker,J.A., Couch,M.R., Garrett,C.M., Powell,M.L., Hanson,J.F., Yohannes,R.A., DeMarcus,L.S., Smith,J.P., Fumia,K.F., Federinko,S.P., Macias,E.A., Olsen,E.T., Sjoberg,P.A.","2015-02-23","2015-11-10","ssRNA(-)"
"CY194020","Influenza A virus (A/Japan/4767/2015(H3N2))","Alphainfluenzavirus influenzae","H3N2","",1701,"partial","Japan","Homo sapiens","oronasopharynx","Gruner,W.E., Jones,S.L., Sinclair,L.E., Sarria,S.H., Bisaha,S.A., Canas,L.C., Baker,J.A., Couch,M.R., Garrett,C.M., Powell,M.L., Hanson,J.F., Yohannes,R.A., DeMarcus,L.S., Smith,J.P., Fumia,K.F., Federinko,S.P., Macias,E.A., Olsen,E.T., Sjoberg,P.A.","2015-02-21","2015-11-10","ssRNA(-)"
"CY194063","Influenza A virus (A/Japan/4810/2015(H3N2))","Alphainfluenzavirus influenzae","H3N2","",1701,"partial","Japan","Homo sapiens","oronasopharynx","Gruner,W.E., Jones,S.L., Sinclair,L.E., Sarria,S.H., Bisaha,S.A., Canas,L.C., Baker,J.A., Couch,M.R., Garrett,C.M., Powell,M.L., Hanson,J.F., Yohannes,R.A., DeMarcus,L.S., Smith,J.P., Fumia,K.F., Federinko,S.P., Macias,E.A., Olsen,E.T., Sjoberg,P.A.","2015-03-06","2015-11-10","ssRNA(-)"
"CY193531","Influenza A virus (A/Japan/4278/2015(H3N2))","Alphainfluenzavirus influenzae","H3N2","",1701,"partial","Japan","Homo sapiens","oronasopharynx","Gruner,W.E., Jones,S.L., Sinclair,L.E., Sarria,S.H., Bisaha,S.A., Canas,L.C., Baker,J.A., Couch,M.R., Garrett,C.M., Powell,M.L., Hanson,J.F., Yohannes,R.A., DeMarcus,L.S., Smith,J.P., Fumia,K.F., Federinko,S.P., Macias,E.A., Olsen,E.T., Sjoberg,P.A.","2015-01-03","2015-09-16","ssRNA(-)"
"CY193676","Influenza A virus (A/Japan/4423/2015(H3N2))","Alphainfluenzavirus influenzae","H3N2","",1701,"partial","Japan","Homo sapiens","oronasopharynx","Gruner,W.E., Jones,S.L., Sinclair,L.E., Sarria,S.H., Bisaha,S.A., Canas,L.C., Baker,J.A., Couch,M.R., Garrett,C.M., Powell,M.L., Hanson,J.F., Yohannes,R.A., DeMarcus,L.S., Smith,J.P., Fumia,K.F., Federinko,S.P., Macias,E.A., Olsen,E.T., Sjoberg,P.A.","2015-01-02","2015-09-16","ssRNA(-)"
"CY193677","Influenza A virus (A/Japan/4424/2015(H3N2))","Alphainfluenzavirus influenzae","H3N2","",1701,"partial","Japan","Homo sapiens","oronasopharynx","Gruner,W.E., Jones,S.L., Sinclair,L.E., Sarria,S.H., Bisaha,S.A., Canas,L.C., Baker,J.A., Couch,M.R., Garrett,C.M., Powell,M.L., Hanson,J.F., Yohannes,R.A., DeMarcus,L.S., Smith,J.P., Fumia,K.F., Federinko,S.P., Macias,E.A., Olsen,E.T., Sjoberg,P.A.","2015-01-03","2015-09-16","ssRNA(-)"
"CY193678","Influenza A virus (A/Japan/4425/2015(H3N2))","Alphainfluenzavirus influenzae","H3N2","",1701,"partial","Japan","Homo sapiens","oronasopharynx","Gruner,W.E., Jones,S.L., Sinclair,L.E., Sarria,S.H., Bisaha,S.A., Canas,L.C., Baker,J.A., Couch,M.R., Garrett,C.M., Powell,M.L., Hanson,J.F., Yohannes,R.A., DeMarcus,L.S., Smith,J.P., Fumia,K.F., Federinko,S.P., Macias,E.A., Olsen,E.T., Sjoberg,P.A.","2015-01-04","2015-09-16","ssRNA(-)"
"CY193679","Influenza A virus (A/Japan/4426/2015(H3N2))","Alphainfluenzavirus influenzae","H3N2","",1701,"partial","Japan","Homo sapiens","oronasopharynx","Gruner,W.E., Jones,S.L., Sinclair,L.E., Sarria,S.H., Bisaha,S.A., Canas,L.C., Baker,J.A., Couch,M.R., Garrett,C.M., Powell,M.L., Hanson,J.F., Yohannes,R.A., DeMarcus,L.S., Smith,J.P., Fumia,K.F., Federinko,S.P., Macias,E.A., Olsen,E.T., Sjoberg,P.A.","2015-01-09","2015-09-16","ssRNA(-)"
"CY193680","Influenza A virus (A/Japan/4427/2015(H3N2))","Alphainfluenzavirus influenzae","H3N2","",1701,"partial","Japan","Homo sapiens","oronasopharynx","Gruner,W.E., Jones,S.L., Sinclair,L.E., Sarria,S.H., Bisaha,S.A., Canas,L.C., Baker,J.A., Couch,M.R., Garrett,C.M., Powell,M.L., Hanson,J.F., Yohannes,R.A., DeMarcus,L.S., Smith,J.P., Fumia,K.F., Federinko,S.P., Macias,E.A., Olsen,E.T., Sjoberg,P.A.","2015-01-08","2015-09-16","ssRNA(-)"
"CY193681","Influenza A virus (A/Japan/4428/2015(H3N2))","Alphainfluenzavirus influenzae","H3N2","",1701,"partial","Japan","Homo sapiens","oronasopharynx","Gruner,W.E., Jones,S.L., Sinclair,L.E., Sarria,S.H., Bisaha,S.A., Canas,L.C., Baker,J.A., Couch,M.R., Garrett,C.M., Powell,M.L., Hanson,J.F., Yohannes,R.A., DeMarcus,L.S., Smith,J.P., Fumia,K.F., Federinko,S.P., Macias,E.A., Olsen,E.T., Sjoberg,P.A.","2015-01-08","2015-09-16","ssRNA(-)"
"CY193771","Influenza A virus (A/Japan/4518/2015(H3N2))","Alphainfluenzavirus influenzae","H3N2","",1701,"partial","Japan","Homo sapiens","oronasopharynx","Gruner,W.E., Jones,S.L., Sinclair,L.E., Sarria,S.H., Bisaha,S.A., Canas,L.C., Baker,J.A., Couch,M.R., Garrett,C.M., Powell,M.L., Hanson,J.F., Yohannes,R.A., DeMarcus,L.S., Smith,J.P., Fumia,K.F., Federinko,S.P., Macias,E.A., Olsen,E.T., Sjoberg,P.A.","2015-01-13","2015-09-16","ssRNA(-)"
"CY193772","Influenza A virus (A/Japan/4519/2015(H3N2))","Alphainfluenzavirus influenzae","H3N2","",1701,"partial","Japan","Homo sapiens","oronasopharynx","Gruner,W.E., Jones,S.L., Sinclair,L.E., Sarria,S.H., Bisaha,S.A., Canas,L.C., Baker,J.A., Couch,M.R., Garrett,C.M., Powell,M.L., Hanson,J.F., Yohannes,R.A., DeMarcus,L.S., Smith,J.P., Fumia,K.F., Federinko,S.P., Macias,E.A., Olsen,E.T., Sjoberg,P.A.","2015-01-16","2015-09-16","ssRNA(-)"
"CY193773","Influenza A virus (A/Japan/4520/2015(H3N2))","Alphainfluenzavirus influenzae","H3N2","",1701,"partial","Japan","Homo sapiens","oronasopharynx","Gruner,W.E., Jones,S.L., Sinclair,L.E., Sarria,S.H., Bisaha,S.A., Canas,L.C., Baker,J.A., Couch,M.R., Garrett,C.M., Powell,M.L., Hanson,J.F., Yohannes,R.A., DeMarcus,L.S., Smith,J.P., Fumia,K.F., Federinko,S.P., Macias,E.A., Olsen,E.T., Sjoberg,P.A.","2015-01-13","2015-09-16","ssRNA(-)"
"CY193774","Influenza A virus (A/Japan/4521/2015(H3N2))","Alphainfluenzavirus influenzae","H3N2","",1701,"partial","Japan","Homo sapiens","oronasopharynx","Gruner,W.E., Jones,S.L., Sinclair,L.E., Sarria,S.H., Bisaha,S.A., Canas,L.C., Baker,J.A., Couch,M.R., Garrett,C.M., Powell,M.L., Hanson,J.F., Yohannes,R.A., DeMarcus,L.S., Smith,J.P., Fumia,K.F., Federinko,S.P., Macias,E.A., Olsen,E.T., Sjoberg,P.A.","2015-01-15","2015-09-16","ssRNA(-)"
"CY193775","Influenza A virus (A/Japan/4522/2015(H3N2))","Alphainfluenzavirus influenzae","H3N2","",1701,"partial","Japan","Homo sapiens","oronasopharynx","Gruner,W.E., Jones,S.L., Sinclair,L.E., Sarria,S.H., Bisaha,S.A., Canas,L.C., Baker,J.A., Couch,M.R., Garrett,C.M., Powell,M.L., Hanson,J.F., Yohannes,R.A., DeMarcus,L.S., Smith,J.P., Fumia,K.F., Federinko,S.P., Macias,E.A., Olsen,E.T., Sjoberg,P.A.","2015-01-15","2015-09-16","ssRNA(-)"
"CY193776","Influenza A virus (A/Japan/4523/2015(H3N2))","Alphainfluenzavirus influenzae","H3N2","",1701,"partial","Japan","Homo sapiens","oronasopharynx","Gruner,W.E., Jones,S.L., Sinclair,L.E., Sarria,S.H., Bisaha,S.A., Canas,L.C., Baker,J.A., Couch,M.R., Garrett,C.M., Powell,M.L., Hanson,J.F., Yohannes,R.A., DeMarcus,L.S., Smith,J.P., Fumia,K.F., Federinko,S.P., Macias,E.A., Olsen,E.T., Sjoberg,P.A.","2015-01-16","2015-09-16","ssRNA(-)"
"CY193777","Influenza A virus (A/Japan/4524/2015(H3N2))","Alphainfluenzavirus influenzae","H3N2","",1701,"partial","Japan","Homo sapiens","oronasopharynx","Gruner,W.E., Jones,S.L., Sinclair,L.E., Sarria,S.H., Bisaha,S.A., Canas,L.C., Baker,J.A., Couch,M.R., Garrett,C.M., Powell,M.L., Hanson,J.F., Yohannes,R.A., DeMarcus,L.S., Smith,J.P., Fumia,K.F., Federinko,S.P., Macias,E.A., Olsen,E.T., Sjoberg,P.A.","2015-01-14","2015-09-16","ssRNA(-)"
"CY193778","Influenza A virus (A/Japan/4525/2015(H3N2))","Alphainfluenzavirus influenzae","H3N2","",1701,"partial","Japan","Homo sapiens","oronasopharynx","Gruner,W.E., Jones,S.L., Sinclair,L.E., Sarria,S.H., Bisaha,S.A., Canas,L.C., Baker,J.A., Couch,M.R., Garrett,C.M., Powell,M.L., Hanson,J.F., Yohannes,R.A., DeMarcus,L.S., Smith,J.P., Fumia,K.F., Federinko,S.P., Macias,E.A., Olsen,E.T., Sjoberg,P.A.","2015-01-18","2015-09-16","ssRNA(-)"
"CY193779","Influenza A virus (A/Japan/4526/2015(H3N2))","Alphainfluenzavirus influenzae","H3N2","",1701,"partial","Japan","Homo sapiens","oronasopharynx","Gruner,W.E., Jones,S.L., Sinclair,L.E., Sarria,S.H., Bisaha,S.A., Canas,L.C., Baker,J.A., Couch,M.R., Garrett,C.M., Powell,M.L., Hanson,J.F., Yohannes,R.A., DeMarcus,L.S., Smith,J.P., Fumia,K.F., Federinko,S.P., Macias,E.A., Olsen,E.T., Sjoberg,P.A.","2015-01-18","2015-09-16","ssRNA(-)"
"CY193780","Influenza A virus (A/Japan/4527/2015(H3N2))","Alphainfluenzavirus influenzae","H3N2","",1701,"partial","Japan","Homo sapiens","oronasopharynx","Gruner,W.E., Jones,S.L., Sinclair,L.E., Sarria,S.H., Bisaha,S.A., Canas,L.C., Baker,J.A., Couch,M.R., Garrett,C.M., Powell,M.L., Hanson,J.F., Yohannes,R.A., DeMarcus,L.S., Smith,J.P., Fumia,K.F., Federinko,S.P., Macias,E.A., Olsen,E.T., Sjoberg,P.A.","2015-01-20","2015-09-16","ssRNA(-)"
"CY193781","Influenza A virus (A/Japan/4528/2015(H3N2))","Alphainfluenzavirus influenzae","H3N2","",1701,"partial","Japan","Homo sapiens","oronasopharynx","Gruner,W.E., Jones,S.L., Sinclair,L.E., Sarria,S.H., Bisaha,S.A., Canas,L.C., Baker,J.A., Couch,M.R., Garrett,C.M., Powell,M.L., Hanson,J.F., Yohannes,R.A., DeMarcus,L.S., Smith,J.P., Fumia,K.F., Federinko,S.P., Macias,E.A., Olsen,E.T., Sjoberg,P.A.","2015-01-21","2015-09-16","ssRNA(-)"
"CY193894","Influenza A virus (A/Japan/4641/2015(H3N2))","Alphainfluenzavirus influenzae","H3N2","",1701,"partial","Japan","Homo sapiens","oronasopharynx","Gruner,W.E., Jones,S.L., Sinclair,L.E., Sarria,S.H., Bisaha,S.A., Canas,L.C., Baker,J.A., Couch,M.R., Garrett,C.M., Powell,M.L., Hanson,J.F., Yohannes,R.A., DeMarcus,L.S., Smith,J.P., Fumia,K.F., Federinko,S.P., Macias,E.A., Olsen,E.T., Sjoberg,P.A.","2015-01-13","2015-09-16","ssRNA(-)"
"CY193895","Influenza A virus (A/Japan/4642/2015(H3N2))","Alphainfluenzavirus influenzae","H3N2","",1701,"partial","Japan","Homo sapiens","oronasopharynx","Gruner,W.E., Jones,S.L., Sinclair,L.E., Sarria,S.H., Bisaha,S.A., Canas,L.C., Baker,J.A., Couch,M.R., Garrett,C.M., Powell,M.L., Hanson,J.F., Yohannes,R.A., DeMarcus,L.S., Smith,J.P., Fumia,K.F., Federinko,S.P., Macias,E.A., Olsen,E.T., Sjoberg,P.A.","2015-01-12","2015-09-16","ssRNA(-)"
"CY193896","Influenza A virus (A/Japan/4643/2015(H3N2))","Alphainfluenzavirus influenzae","H3N2","",1701,"partial","Japan","Homo sapiens","oronasopharynx","Gruner,W.E., Jones,S.L., Sinclair,L.E., Sarria,S.H., Bisaha,S.A., Canas,L.C., Baker,J.A., Couch,M.R., Garrett,C.M., Powell,M.L., Hanson,J.F., Yohannes,R.A., DeMarcus,L.S., Smith,J.P., Fumia,K.F., Federinko,S.P., Macias,E.A., Olsen,E.T., Sjoberg,P.A.","2015-01-16","2015-09-16","ssRNA(-)"
"CY193897","Influenza A virus (A/Japan/4644/2015(H3N2))","Alphainfluenzavirus influenzae","H3N2","",1701,"partial","Japan","Homo sapiens","oronasopharynx","Gruner,W.E., Jones,S.L., Sinclair,L.E., Sarria,S.H., Bisaha,S.A., Canas,L.C., Baker,J.A., Couch,M.R., Garrett,C.M., Powell,M.L., Hanson,J.F., Yohannes,R.A., DeMarcus,L.S., Smith,J.P., Fumia,K.F., Federinko,S.P., Macias,E.A., Olsen,E.T., Sjoberg,P.A.","2015-01-21","2015-09-16","ssRNA(-)"
"CY193898","Influenza A virus (A/Japan/4645/2015(H3N2))","Alphainfluenzavirus influenzae","H3N2","",1701,"partial","Japan","Homo sapiens","oronasopharynx","Gruner,W.E., Jones,S.L., Sinclair,L.E., Sarria,S.H., Bisaha,S.A., Canas,L.C., Baker,J.A., Couch,M.R., Garrett,C.M., Powell,M.L., Hanson,J.F., Yohannes,R.A., DeMarcus,L.S., Smith,J.P., Fumia,K.F., Federinko,S.P., Macias,E.A., Olsen,E.T., Sjoberg,P.A.","2015-01-23","2015-09-16","ssRNA(-)"
"CY193899","Influenza A virus (A/Japan/4646/2015(H3N2))","Alphainfluenzavirus influenzae","H3N2","",1701,"partial","Japan","Homo sapiens","oronasopharynx","Gruner,W.E., Jones,S.L., Sinclair,L.E., Sarria,S.H., Bisaha,S.A., Canas,L.C., Baker,J.A., Couch,M.R., Garrett,C.M., Powell,M.L., Hanson,J.F., Yohannes,R.A., DeMarcus,L.S., Smith,J.P., Fumia,K.F., Federinko,S.P., Macias,E.A., Olsen,E.T., Sjoberg,P.A.","2015-01-22","2015-09-16","ssRNA(-)"
"CY193900","Influenza A virus (A/Japan/4647/2015(H3N2))","Alphainfluenzavirus influenzae","H3N2","",1701,"partial","Japan","Homo sapiens","oronasopharynx","Gruner,W.E., Jones,S.L., Sinclair,L.E., Sarria,S.H., Bisaha,S.A., Canas,L.C., Baker,J.A., Couch,M.R., Garrett,C.M., Powell,M.L., Hanson,J.F., Yohannes,R.A., DeMarcus,L.S., Smith,J.P., Fumia,K.F., Federinko,S.P., Macias,E.A., Olsen,E.T., Sjoberg,P.A.","2015-01-29","2015-09-16","ssRNA(-)"
"CY193901","Influenza A virus (A/Japan/4648/2015(H3N2))","Alphainfluenzavirus influenzae","H3N2","",1701,"partial","Japan","Homo sapiens","oronasopharynx","Gruner,W.E., Jones,S.L., Sinclair,L.E., Sarria,S.H., Bisaha,S.A., Canas,L.C., Baker,J.A., Couch,M.R., Garrett,C.M., Powell,M.L., Hanson,J.F., Yohannes,R.A., DeMarcus,L.S., Smith,J.P., Fumia,K.F., Federinko,S.P., Macias,E.A., Olsen,E.T., Sjoberg,P.A.","2015-01-30","2015-09-16","ssRNA(-)"
"CY193902","Influenza A virus (A/Japan/4649/2015(H3N2))","Alphainfluenzavirus influenzae","H3N2","",1701,"partial","Japan","Homo sapiens","oronasopharynx","Gruner,W.E., Jones,S.L., Sinclair,L.E., Sarria,S.H., Bisaha,S.A., Canas,L.C., Baker,J.A., Couch,M.R., Garrett,C.M., Powell,M.L., Hanson,J.F., Yohannes,R.A., DeMarcus,L.S., Smith,J.P., Fumia,K.F., Federinko,S.P., Macias,E.A., Olsen,E.T., Sjoberg,P.A.","2015-01-31","2015-09-16","ssRNA(-)"
"KT374339","Influenza A virus (A/Japan/NHRC_GWA0186/2015(H3N2))","Alphainfluenzavirus influenzae","H3N2","",1701,"partial","Japan","Homo sapiens","oronasopharynx","Sitz,C.R., Thammavong,H.L., Balansay-Ames,M.S., Hawksworth,A.W., Myers,C.A., Brice,G.T.","2015-01-12","2015-09-08","ssRNA(-)"
"KT374340","Influenza A virus (A/Japan/NHRC_GWA0188/2015(H3N2))","Alphainfluenzavirus influenzae","H3N2","",1701,"partial","Japan","Homo sapiens","oronasopharynx","Sitz,C.R., Thammavong,H.L., Balansay-Ames,M.S., Hawksworth,A.W., Myers,C.A., Brice,G.T.","2015-01-14","2015-09-08","ssRNA(-)"
"KT277831","Influenza A virus (A/Japan/NHRC_BLR0151/2015(H3N2))","Alphainfluenzavirus influenzae","H3N2","",1701,"partial","Japan","Homo sapiens","oronasopharynx","Sitz,C.R., Thammavong,H.L., Balansay-Ames,M.S., Hawksworth,A.W., Myers,C.A., Brice,G.T.","2015-01-23","2015-08-09","ssRNA(-)"
"KT277832","Influenza A virus (A/Japan/NHRC_GWA0184/2015(H3N2))","Alphainfluenzavirus influenzae","H3N2","",1701,"partial","Japan","Homo sapiens","oronasopharynx","Sitz,C.R., Thammavong,H.L., Balansay-Ames,M.S., Hawksworth,A.W., Myers,C.A., Brice,G.T.","2015-01-08","2015-08-09","ssRNA(-)"
"KT220428","Influenza A virus (A/Japan/NHRC_01-C2155/2015(H3N2))","Alphainfluenzavirus influenzae","H3N2","",1701,"partial","Japan","Homo sapiens","oronasopharynx","Sitz,C.R., Thammavong,H.L., Balansay-Ames,M.S., Hawksworth,A.W., Myers,C.A., Brice,G.T.","2015-01-05","2015-07-20","ssRNA(-)"
"KT220429","Influenza A virus (A/Japan/NHRC_01-K7178/2015(H3N2))","Alphainfluenzavirus influenzae","H3N2","",1701,"partial","Japan","Homo sapiens","oronasopharynx","Sitz,C.R., Thammavong,H.L., Balansay-Ames,M.S., Hawksworth,A.W., Myers,C.A., Brice,G.T.","2015-02-02","2015-07-20","ssRNA(-)"
"KT220431","Influenza A virus (A/Japan/NHRC_03-S0278/2015(H3N2))","Alphainfluenzavirus influenzae","H3N2","",1701,"partial","Japan","Homo sapiens","oronasopharynx","Sitz,C.R., Thammavong,H.L., Balansay-Ames,M.S., Hawksworth,A.W., Myers,C.A., Brice,G.T.","2015-01-16","2015-07-20","ssRNA(-)"
"KT220432","Influenza A virus (A/Japan/NHRC_20-B3384/2015(H3N2))","Alphainfluenzavirus influenzae","H3N2","",1701,"partial","Japan","Homo sapiens","oronasopharynx","Sitz,C.R., Thammavong,H.L., Balansay-Ames,M.S., Hawksworth,A.W., Myers,C.A., Brice,G.T.","2015-02-02","2015-07-20","ssRNA(-)"
"KT220433","Influenza A virus (A/Japan/NHRC_20-J4558/2015(H3N2))","Alphainfluenzavirus influenzae","H3N2","",1701,"partial","Japan","Homo sapiens","oronasopharynx","Sitz,C.R., Thammavong,H.L., Balansay-Ames,M.S., Hawksworth,A.W., Myers,C.A., Brice,G.T.","2015-01-15","2015-07-20","ssRNA(-)"
"KT220434","Influenza A virus (A/Japan/NHRC_20-N2486/2015(H3N2))","Alphainfluenzavirus influenzae","H3N2","",1701,"partial","Japan","Homo sapiens","oronasopharynx","Sitz,C.R., Thammavong,H.L., Balansay-Ames,M.S., Hawksworth,A.W., Myers,C.A., Brice,G.T.","2015-01-23","2015-07-20","ssRNA(-)"
"KT220435","Influenza A virus (A/Japan/NHRC_30-K3167/2015(H3N2))","Alphainfluenzavirus influenzae","H3N2","",1701,"partial","Japan","Homo sapiens","oronasopharynx","Sitz,C.R., Thammavong,H.L., Balansay-Ames,M.S., Hawksworth,A.W., Myers,C.A., Brice,G.T.","2015-01-13","2015-07-20","ssRNA(-)"
"KT220436","Influenza A virus (A/Japan/NHRC_30-W4500/2015(H3N2))","Alphainfluenzavirus influenzae","H3N2","",1701,"partial","Japan","Homo sapiens","oronasopharynx","Sitz,C.R., Thammavong,H.L., Balansay-Ames,M.S., Hawksworth,A.W., Myers,C.A., Brice,G.T.","2015-02-05","2015-07-20","ssRNA(-)"
